Run,Assay Type,AvgSpotLen,Bases,BioProject,BioSample,BioSampleModel,Bytes,Center Name,Collection_Date,Consent,DATASTORE filetype,DATASTORE provider,DATASTORE region,Experiment,geo_loc_name_country,geo_loc_name_country_continent,geo_loc_name,Instrument,Isolation_Source,Lat_Lon,Library Name,LibraryLayout,LibrarySelection,LibrarySource,Organism,Platform,ReleaseDate,create_date,version,Sample Name,Source_material_ID,SRA Study
SRR5246546,AMPLICON,497,13424877,PRJNA373951,SAMN06319035,Metagenome or environmental,8497987,CITY UNIVERSITY OF HONG KONG,2014,public,"fastq,sra,run.zq","ncbi,gs,s3","gs.US,ncbi.public,s3.us-east-1",SRX2552986,Hong Kong,Asia,Hong Kong,Illumina MiSeq,Surface,22.42 N 114.11 E,WTS2SWCWIN,PAIRED,PCR,METAGENOMIC,indoor metagenome,ILLUMINA,2017-12-31T00:00:00Z,2017-02-10T20:05:00Z,1,WTS2SWCWIN,WTS2SWCWIN,SRP099248
SRR5246562,AMPLICON,484,7144681,PRJNA373951,SAMN06319019,Metagenome or environmental,4752391,CITY UNIVERSITY OF HONG KONG,2014,public,"fastq,sra,run.zq","ncbi,gs,s3","ncbi.public,s3.us-east-1,gs.US",SRX2553002,Hong Kong,Asia,Hong Kong,Illumina MiSeq,Surface,22.42 N 114.11 E,WKS2FDSWIN,PAIRED,PCR,METAGENOMIC,indoor metagenome,ILLUMINA,2017-12-31T00:00:00Z,2017-02-10T20:05:00Z,1,WKS2FDSWIN,WKS2FDSWIN,SRP099248
SRR5246563,AMPLICON,393,8140107,PRJNA373951,SAMN06319018,Metagenome or environmental,5433353,CITY UNIVERSITY OF HONG KONG,2014,public,"run.zq,sra,fastq","ncbi,s3,gs","s3.us-east-1,ncbi.public,gs.US",SRX2553003,Hong Kong,Asia,Hong Kong,Illumina MiSeq,Surface,22.42 N 114.11 E,WKS2BLKWIN,PAIRED,PCR,METAGENOMIC,indoor metagenome,ILLUMINA,2017-12-31T00:00:00Z,2017-02-10T20:05:00Z,1,WKS2BLKWIN,WKS2BLKWIN,SRP099248
SRR5246564,AMPLICON,279,11674460,PRJNA373951,SAMN06319017,Metagenome or environmental,7594747,CITY UNIVERSITY OF HONG KONG,2014,public,"run.zq,fastq,sra","ncbi,gs,s3","ncbi.public,gs.US,s3.us-east-1",SRX2553004,Hong Kong,Asia,Hong Kong,Illumina MiSeq,Surface,22.42 N 114.11 E,WKS2BHBWIN,PAIRED,PCR,METAGENOMIC,indoor metagenome,ILLUMINA,2017-12-31T00:00:00Z,2017-02-10T20:05:00Z,1,WKS2BHBWIN,WKS2BHBWIN,SRP099248
SRR5246565,AMPLICON,342,6692164,PRJNA373951,SAMN06319016,Metagenome or environmental,4868483,CITY UNIVERSITY OF HONG KONG,2014,public,"sra,fastq,run.zq","s3,ncbi,gs","gs.US,ncbi.public,s3.us-east-1",SRX2553005,Hong Kong,Asia,Hong Kong,Illumina MiSeq,air,22.42 N 114.11 E,WKS1TLWIN,PAIRED,PCR,METAGENOMIC,indoor metagenome,ILLUMINA,2017-12-31T00:00:00Z,2017-02-10T20:05:00Z,1,WKS1TLWIN,WKS1TLWIN,SRP099248
SRR5246566,AMPLICON,234,3567721,PRJNA373951,SAMN06319015,Metagenome or environmental,2503837,CITY UNIVERSITY OF HONG KONG,2014,public,"fastq,sra,run.zq","gs,s3,ncbi","gs.US,ncbi.public,s3.us-east-1",SRX2553006,Hong Kong,Asia,Hong Kong,Illumina MiSeq,air,22.42 N 114.11 E,WKS1LRWIN,PAIRED,PCR,METAGENOMIC,indoor metagenome,ILLUMINA,2017-12-31T00:00:00Z,2017-02-10T20:05:00Z,1,WKS1LRWIN,WKS1LRWIN,SRP099248
SRR5246568,AMPLICON,315,12948571,PRJNA373951,SAMN06319013,Metagenome or environmental,8695281,CITY UNIVERSITY OF HONG KONG,2014,public,"sra,run.zq,fastq","s3,gs,ncbi","ncbi.public,s3.us-east-1,gs.US",SRX2553008,Hong Kong,Asia,Hong Kong,Illumina MiSeq,air,22.42 N 114.11 E,WKS1BRWIN,PAIRED,PCR,METAGENOMIC,indoor metagenome,ILLUMINA,2017-12-31T00:00:00Z,2017-02-10T20:05:00Z,1,WKS1BRWIN,WKS1BRWIN,SRP099248
SRR5246569,AMPLICON,465,49558393,PRJNA373951,SAMN06319012,Metagenome or environmental,30947857,CITY UNIVERSITY OF HONG KONG,2014,public,"run.zq,fastq,sra","gs,s3,ncbi","gs.US,ncbi.public,s3.us-east-1",SRX2553009,Hong Kong,Asia,Hong Kong,Illumina MiSeq,Surface,22.42 N 114.11 E,TY2TFBWIN,PAIRED,PCR,METAGENOMIC,indoor metagenome,ILLUMINA,2017-12-31T00:00:00Z,2017-02-10T20:06:00Z,1,TY2TFBWIN,TY2TFBWIN,SRP099248
SRR5246571,AMPLICON,471,32532403,PRJNA373951,SAMN06319010,Metagenome or environmental,20571322,CITY UNIVERSITY OF HONG KONG,2014,public,"fastq,sra,run.zq","gs,ncbi,s3","ncbi.public,gs.US,s3.us-east-1",SRX2553011,Hong Kong,Asia,Hong Kong,Illumina MiSeq,Surface,22.42 N 114.11 E,TY2SCRWIN,PAIRED,PCR,METAGENOMIC,indoor metagenome,ILLUMINA,2017-12-31T00:00:00Z,2017-02-10T20:06:00Z,1,TY2SCRWIN,TY2SCRWIN,SRP099248
SRR5246573,AMPLICON,453,17852917,PRJNA373951,SAMN06319008,Metagenome or environmental,11496368,CITY UNIVERSITY OF HONG KONG,2014,public,"sra,run.zq,fastq","gs,ncbi,s3","s3.us-east-1,ncbi.public,gs.US",SRX2553013,Hong Kong,Asia,Hong Kong,Illumina MiSeq,Surface,22.42 N 114.11 E,TY2KVTWIN,PAIRED,PCR,METAGENOMIC,indoor metagenome,ILLUMINA,2017-12-31T00:00:00Z,2017-02-10T20:06:00Z,1,TY2KVTWIN,TY2KVTWIN,SRP099248
SRR5246574,AMPLICON,479,23004324,PRJNA373951,SAMN06319007,Metagenome or environmental,14440807,CITY UNIVERSITY OF HONG KONG,2014,public,"run.zq,sra,fastq","ncbi,gs,s3","ncbi.public,s3.us-east-1,gs.US",SRX2553014,Hong Kong,Asia,Hong Kong,Illumina MiSeq,Surface,22.42 N 114.11 E,TY2FDSWIN,PAIRED,PCR,METAGENOMIC,indoor metagenome,ILLUMINA,2017-12-31T00:00:00Z,2017-02-10T20:06:00Z,1,TY2FDSWIN,TY2FDSWIN,SRP099248
SRR5246577,AMPLICON,309,13204081,PRJNA373951,SAMN06319004,Metagenome or environmental,8605832,CITY UNIVERSITY OF HONG KONG,2014,public,"fastq,run.zq,sra","gs,s3,ncbi","ncbi.public,gs.US,s3.us-east-1",SRX2553017,Hong Kong,Asia,Hong Kong,Illumina MiSeq,air,22.42 N 114.11 E,TY1TLWIN,PAIRED,PCR,METAGENOMIC,indoor metagenome,ILLUMINA,2017-12-31T00:00:00Z,2017-02-10T20:05:00Z,1,TY1TLWIN,TY1TLWIN,SRP099248
SRR5246580,AMPLICON,248,7637796,PRJNA373951,SAMN06319001,Metagenome or environmental,5023698,CITY UNIVERSITY OF HONG KONG,2014,public,"sra,fastq,run.zq","ncbi,s3,gs","ncbi.public,gs.US,s3.us-east-1",SRX2553020,Hong Kong,Asia,Hong Kong,Illumina MiSeq,air,22.42 N 114.11 E,TY1BRWIN,PAIRED,PCR,METAGENOMIC,indoor metagenome,ILLUMINA,2017-12-31T00:00:00Z,2017-02-10T20:05:00Z,1,TY1BRWIN,TY1BRWIN,SRP099248
SRR5246605,AMPLICON,363,12373770,PRJNA373951,SAMN06318976,Metagenome or environmental,7722170,CITY UNIVERSITY OF HONG KONG,2014,public,"fastq,sra,run.zq","gs,ncbi,s3","ncbi.public,s3.us-east-1,gs.US",SRX2553045,Hong Kong,Asia,Hong Kong,Illumina MiSeq,Surface,22.42 N 114.11 E,TK2TFBWIN,PAIRED,PCR,METAGENOMIC,indoor metagenome,ILLUMINA,2017-12-31T00:00:00Z,2017-02-10T20:07:00Z,1,TK2TFBWIN,TK2TFBWIN,SRP099248
SRR5246648,AMPLICON,468,16838167,PRJNA373951,SAMN06318933,Metagenome or environmental,10996227,CITY UNIVERSITY OF HONG KONG,2014,public,"sra,run.zq,fastq","gs,ncbi,s3","s3.us-east-1,ncbi.public,gs.US",SRX2553088,Hong Kong,Asia,Hong Kong,Illumina MiSeq,Surface,22.42 N 114.11 E,STW2BHBWIN,PAIRED,PCR,METAGENOMIC,indoor metagenome,ILLUMINA,2017-12-31T00:00:00Z,2017-02-10T20:07:00Z,1,STW2BHBWIN,STW2BHBWIN,SRP099248
SRR5246649,AMPLICON,390,18101679,PRJNA373951,SAMN06318932,Metagenome or environmental,11688599,CITY UNIVERSITY OF HONG KONG,2014,public,"sra,run.zq,fastq","ncbi,gs,s3","ncbi.public,gs.US,s3.us-east-1",SRX2553089,Hong Kong,Asia,Hong Kong,Illumina MiSeq,air,22.42 N 114.11 E,STW1TLWIN,PAIRED,PCR,METAGENOMIC,indoor metagenome,ILLUMINA,2017-12-31T00:00:00Z,2017-02-10T20:07:00Z,1,STW1TLWIN,STW1TLWIN,SRP099248
SRR5246676,AMPLICON,265,8741266,PRJNA373951,SAMN06318905,Metagenome or environmental,5790292,CITY UNIVERSITY OF HONG KONG,2014,public,"sra,run.zq,fastq","ncbi,gs,s3","gs.US,ncbi.public,s3.us-east-1",SRX2553116,Hong Kong,Asia,Hong Kong,Illumina MiSeq,air,22.42 N 114.11 E,MOS1BRWIN,PAIRED,PCR,METAGENOMIC,indoor metagenome,ILLUMINA,2017-12-31T00:00:00Z,2017-02-10T20:07:00Z,1,MOS1BRWIN,MOS1BRWIN,SRP099248
SRR5246677,AMPLICON,463,14588133,PRJNA373951,SAMN06318904,Metagenome or environmental,9259145,CITY UNIVERSITY OF HONG KONG,2014,public,"fastq,run.zq,sra","gs,s3,ncbi","s3.us-east-1,ncbi.public,gs.US",SRX2553117,Hong Kong,Asia,Hong Kong,Illumina MiSeq,Surface,22.42 N 114.11 E,KT2TFBWIN,PAIRED,PCR,METAGENOMIC,indoor metagenome,ILLUMINA,2017-12-31T00:00:00Z,2017-02-10T20:07:00Z,1,KT2TFBWIN,KT2TFBWIN,SRP099248
SRR5246682,AMPLICON,421,5835327,PRJNA373951,SAMN06318899,Metagenome or environmental,3738817,CITY UNIVERSITY OF HONG KONG,2014,public,"sra,run.zq,fastq","gs,s3,ncbi","gs.US,s3.us-east-1,ncbi.public",SRX2553122,Hong Kong,Asia,Hong Kong,Illumina MiSeq,Surface,22.42 N 114.11 E,KT2FDSWIN,PAIRED,PCR,METAGENOMIC,indoor metagenome,ILLUMINA,2017-12-31T00:00:00Z,2017-02-10T20:07:00Z,1,KT2FDSWIN,KT2FDSWIN,SRP099248
SRR5246734,AMPLICON,396,27862563,PRJNA373951,SAMN06318847,Metagenome or environmental,17523936,CITY UNIVERSITY OF HONG KONG,2014,public,"run.zq,fastq,sra","s3,ncbi,gs","s3.us-east-1,ncbi.public,gs.US",SRX2553174,Hong Kong,Asia,Hong Kong,Illumina MiSeq,air,22.42 N 114.11 E,FT1LRWIN,PAIRED,PCR,METAGENOMIC,indoor metagenome,ILLUMINA,2017-12-31T00:00:00Z,2017-02-10T20:07:00Z,1,FT1LRWIN,FT1LRWIN,SRP099248
SRR5246744,AMPLICON,431,8529623,PRJNA373951,SAMN06318837,Metagenome or environmental,5601683,CITY UNIVERSITY OF HONG KONG,2014,public,"sra,run.zq,fastq","s3,ncbi,gs","gs.US,ncbi.public,s3.us-east-1",SRX2553184,Hong Kong,Asia,Hong Kong,Illumina MiSeq,Surface,22.42 N 114.11 E,FH2BHBWIN,PAIRED,PCR,METAGENOMIC,indoor metagenome,ILLUMINA,2017-02-13T00:00:00Z,2017-02-10T20:07:00Z,1,FH2BHBWIN,FH2BHBWIN,SRP099248
SRR5246750,AMPLICON,481,51190401,PRJNA373951,SAMN06318831,Metagenome or environmental,33763762,CITY UNIVERSITY OF HONG KONG,2014,public,"run.zq,fastq,sra","gs,ncbi,s3","ncbi.public,gs.US,s3.us-east-1",SRX2553190,Hong Kong,Asia,Hong Kong,Illumina MiSeq,Surface,22.42 N 114.11 E,ADMb2SWCWIN,PAIRED,PCR,METAGENOMIC,indoor metagenome,ILLUMINA,2017-12-31T00:00:00Z,2017-02-10T20:07:00Z,1,ADMb2SWCWIN,ADMb2SWCWIN,SRP099248
SRR5246763,AMPLICON,473,23597644,PRJNA373951,SAMN06318818,Metagenome or environmental,15094131,CITY UNIVERSITY OF HONG KONG,2014,public,"fastq,run.zq,sra","gs,s3,ncbi","gs.US,ncbi.public,s3.us-east-1",SRX2553203,Hong Kong,Asia,Hong Kong,Illumina MiSeq,Surface,22.42 N 114.11 E,ADMa2SCRWIN,PAIRED,PCR,METAGENOMIC,indoor metagenome,ILLUMINA,2017-12-31T00:00:00Z,2017-02-10T20:07:00Z,1,ADMa2SCRWIN,ADMa2SCRWIN,SRP099248
SRR5246764,AMPLICON,449,20138075,PRJNA373951,SAMN06318817,Metagenome or environmental,12995429,CITY UNIVERSITY OF HONG KONG,2014,public,"fastq,sra,run.zq","ncbi,gs,s3","gs.US,s3.us-east-1,ncbi.public",SRX2553204,Hong Kong,Asia,Hong Kong,Illumina MiSeq,Surface,22.42 N 114.11 E,ADMa2RMCWIN,PAIRED,PCR,METAGENOMIC,indoor metagenome,ILLUMINA,2017-12-31T00:00:00Z,2017-02-10T20:07:00Z,1,ADMa2RMCWIN,ADMa2RMCWIN,SRP099248
SRR5246765,AMPLICON,408,27660985,PRJNA373951,SAMN06318816,Metagenome or environmental,17551325,CITY UNIVERSITY OF HONG KONG,2014,public,"sra,run.zq,fastq","gs,ncbi,s3","gs.US,s3.us-east-1,ncbi.public",SRX2553205,Hong Kong,Asia,Hong Kong,Illumina MiSeq,Surface,22.42 N 114.11 E,ADMa2KVTWIN,PAIRED,PCR,METAGENOMIC,indoor metagenome,ILLUMINA,2017-12-31T00:00:00Z,2017-02-10T20:07:00Z,1,ADMa2KVTWIN,ADMa2KVTWIN,SRP099248
SRR5246766,AMPLICON,494,22675156,PRJNA373951,SAMN06318815,Metagenome or environmental,14945108,CITY UNIVERSITY OF HONG KONG,2014,public,"fastq,sra,run.zq","s3,ncbi,gs","ncbi.public,s3.us-east-1,gs.US",SRX2553206,Hong Kong,Asia,Hong Kong,Illumina MiSeq,Surface,22.42 N 114.11 E,ADMa2FDSWIN,PAIRED,PCR,METAGENOMIC,indoor metagenome,ILLUMINA,2017-12-31T00:00:00Z,2017-02-10T20:08:00Z,1,ADMa2FDSWIN,ADMa2FDSWIN,SRP099248
SRR5246769,AMPLICON,291,12921072,PRJNA373951,SAMN06318812,Metagenome or environmental,8331030,CITY UNIVERSITY OF HONG KONG,2014,public,"sra,run.zq,fastq","gs,ncbi,s3","ncbi.public,s3.us-east-1,gs.US",SRX2553209,Hong Kong,Asia,Hong Kong,Illumina MiSeq,air,22.42 N 114.11 E,ADMa1TLWIN,PAIRED,PCR,METAGENOMIC,indoor metagenome,ILLUMINA,2017-12-31T00:00:00Z,2017-02-10T20:07:00Z,1,ADMa1TLWIN,ADMa1TLWIN,SRP099248
SRR5246770,AMPLICON,256,8913014,PRJNA373951,SAMN06318811,Metagenome or environmental,5810273,CITY UNIVERSITY OF HONG KONG,2014,public,"run.zq,fastq,sra","s3,gs,ncbi","ncbi.public,gs.US,s3.us-east-1",SRX2553210,Hong Kong,Asia,Hong Kong,Illumina MiSeq,air,22.42 N 114.11 E,ADMa1LRWIN,PAIRED,PCR,METAGENOMIC,indoor metagenome,ILLUMINA,2017-12-31T00:00:00Z,2017-02-10T20:07:00Z,1,ADMa1LRWIN,ADMa1LRWIN,SRP099248
SRR5246771,AMPLICON,298,8329518,PRJNA373951,SAMN06318810,Metagenome or environmental,5344735,CITY UNIVERSITY OF HONG KONG,2014,public,"fastq,sra,run.zq","ncbi,s3,gs","ncbi.public,s3.us-east-1,gs.US",SRX2553211,Hong Kong,Asia,Hong Kong,Illumina MiSeq,air,22.42 N 114.11 E,ADMa1KCWIN,PAIRED,PCR,METAGENOMIC,indoor metagenome,ILLUMINA,2017-12-31T00:00:00Z,2017-02-10T20:07:00Z,1,ADMa1KCWIN,ADMa1KCWIN,SRP099248
SRR5246772,AMPLICON,295,11217563,PRJNA373951,SAMN06318809,Metagenome or environmental,7251264,CITY UNIVERSITY OF HONG KONG,2014,public,"fastq,sra,run.zq","gs,ncbi,s3","ncbi.public,s3.us-east-1,gs.US",SRX2553212,Hong Kong,Asia,Hong Kong,Illumina MiSeq,air,22.42 N 114.11 E,ADMa1BRWIN,PAIRED,PCR,METAGENOMIC,indoor metagenome,ILLUMINA,2017-12-31T00:00:00Z,2017-02-10T20:07:00Z,1,ADMa1BRWIN,ADMa1BRWIN,SRP099248
SRR5246544,AMPLICON,200,7296422,PRJNA373951,SAMN06319037,Metagenome or environmental,4916797,CITY UNIVERSITY OF HONG KONG,2014,public,"run.zq,fastq,sra","gs,s3,ncbi","ncbi.public,s3.us-east-1,gs.US",SRX2552984,Hong Kong,Asia,Hong Kong,Illumina MiSeq,Negative Control,22.42 N 114.11 E,negcon,PAIRED,PCR,METAGENOMIC,indoor metagenome,ILLUMINA,2017-12-31T00:00:00Z,2017-02-10T20:05:00Z,1,negcon,negcon,SRP099248
SRR5246545,AMPLICON,432,5210044,PRJNA373951,SAMN06319036,Metagenome or environmental,3408307,CITY UNIVERSITY OF HONG KONG,2014,public,"fastq,run.zq,sra","ncbi,s3,gs","gs.US,s3.us-east-1,ncbi.public",SRX2552985,Hong Kong,Asia,Hong Kong,Illumina MiSeq,Surface,22.42 N 114.11 E,WTS2TFBWIN,PAIRED,PCR,METAGENOMIC,indoor metagenome,ILLUMINA,2017-12-31T00:00:00Z,2017-02-10T20:05:00Z,1,WTS2TFBWIN,WTS2TFBWIN,SRP099248
SRR5246547,AMPLICON,481,13076438,PRJNA373951,SAMN06319034,Metagenome or environmental,8367523,CITY UNIVERSITY OF HONG KONG,2014,public,"sra,fastq,run.zq","ncbi,s3,gs","ncbi.public,gs.US,s3.us-east-1",SRX2552987,Hong Kong,Asia,Hong Kong,Illumina MiSeq,Surface,22.42 N 114.11 E,WTS2SCRWIN,PAIRED,PCR,METAGENOMIC,indoor metagenome,ILLUMINA,2017-12-31T00:00:00Z,2017-02-10T20:05:00Z,1,WTS2SCRWIN,WTS2SCRWIN,SRP099248
SRR5246548,AMPLICON,478,6974323,PRJNA373951,SAMN06319033,Metagenome or environmental,4468226,CITY UNIVERSITY OF HONG KONG,2014,public,"sra,fastq,run.zq","s3,gs,ncbi","ncbi.public,gs.US,s3.us-east-1",SRX2552988,Hong Kong,Asia,Hong Kong,Illumina MiSeq,Surface,22.42 N 114.11 E,WTS2RMCWIN,PAIRED,PCR,METAGENOMIC,indoor metagenome,ILLUMINA,2017-12-31T00:00:00Z,2017-02-10T20:05:00Z,1,WTS2RMCWIN,WTS2RMCWIN,SRP099248
SRR5246549,AMPLICON,493,17697894,PRJNA373951,SAMN06319032,Metagenome or environmental,11103523,CITY UNIVERSITY OF HONG KONG,2014,public,"run.zq,sra,fastq","ncbi,gs,s3","gs.US,ncbi.public,s3.us-east-1",SRX2552989,Hong Kong,Asia,Hong Kong,Illumina MiSeq,Surface,22.42 N 114.11 E,WTS2KVTWIN,PAIRED,PCR,METAGENOMIC,indoor metagenome,ILLUMINA,2017-12-31T00:00:00Z,2017-02-10T20:05:00Z,1,WTS2KVTWIN,WTS2KVTWIN,SRP099248
SRR5246550,AMPLICON,491,9555574,PRJNA373951,SAMN06319031,Metagenome or environmental,6171034,CITY UNIVERSITY OF HONG KONG,2014,public,"fastq,sra,run.zq","ncbi,gs,s3","ncbi.public,gs.US,s3.us-east-1",SRX2552990,Hong Kong,Asia,Hong Kong,Illumina MiSeq,Surface,22.42 N 114.11 E,WTS2FDSWIN,PAIRED,PCR,METAGENOMIC,indoor metagenome,ILLUMINA,2017-12-31T00:00:00Z,2017-02-10T20:05:00Z,1,WTS2FDSWIN,WTS2FDSWIN,SRP099248
SRR5246551,AMPLICON,421,10767319,PRJNA373951,SAMN06319030,Metagenome or environmental,6975282,CITY UNIVERSITY OF HONG KONG,2014,public,"sra,run.zq,fastq","s3,ncbi,gs","ncbi.public,s3.us-east-1,gs.US",SRX2552991,Hong Kong,Asia,Hong Kong,Illumina MiSeq,Surface,22.42 N 114.11 E,WTS2BLKWIN,PAIRED,PCR,METAGENOMIC,indoor metagenome,ILLUMINA,2017-12-31T00:00:00Z,2017-02-10T20:05:00Z,1,WTS2BLKWIN,WTS2BLKWIN,SRP099248
SRR5246552,AMPLICON,436,15337853,PRJNA373951,SAMN06319029,Metagenome or environmental,9938710,CITY UNIVERSITY OF HONG KONG,2014,public,"run.zq,sra,fastq","s3,ncbi,gs","gs.US,ncbi.public,s3.us-east-1",SRX2552992,Hong Kong,Asia,Hong Kong,Illumina MiSeq,Surface,22.42 N 114.11 E,WTS2BHBWIN,PAIRED,PCR,METAGENOMIC,indoor metagenome,ILLUMINA,2017-12-31T00:00:00Z,2017-02-10T20:05:00Z,1,WTS2BHBWIN,WTS2BHBWIN,SRP099248
SRR5246553,AMPLICON,413,26716992,PRJNA373951,SAMN06319028,Metagenome or environmental,17809287,CITY UNIVERSITY OF HONG KONG,2014,public,"sra,fastq,run.zq","s3,gs,ncbi","ncbi.public,s3.us-east-1,gs.US",SRX2552993,Hong Kong,Asia,Hong Kong,Illumina MiSeq,air,22.42 N 114.11 E,WTS1TLWIN,PAIRED,PCR,METAGENOMIC,indoor metagenome,ILLUMINA,2017-12-31T00:00:00Z,2017-02-10T20:05:00Z,1,WTS1TLWIN,WTS1TLWIN,SRP099248
SRR5246554,AMPLICON,363,11391329,PRJNA373951,SAMN06319027,Metagenome or environmental,7690710,CITY UNIVERSITY OF HONG KONG,2014,public,"sra,run.zq,fastq","gs,s3,ncbi","ncbi.public,s3.us-east-1,gs.US",SRX2552994,Hong Kong,Asia,Hong Kong,Illumina MiSeq,air,22.42 N 114.11 E,WTS1LRWIN,PAIRED,PCR,METAGENOMIC,indoor metagenome,ILLUMINA,2017-12-31T00:00:00Z,2017-02-10T20:05:00Z,1,WTS1LRWIN,WTS1LRWIN,SRP099248
SRR5246555,AMPLICON,367,16946194,PRJNA373951,SAMN06319026,Metagenome or environmental,11351037,CITY UNIVERSITY OF HONG KONG,2014,public,"run.zq,sra,fastq","s3,gs,ncbi","s3.us-east-1,gs.US,ncbi.public",SRX2552995,Hong Kong,Asia,Hong Kong,Illumina MiSeq,air,22.42 N 114.11 E,WTS1KCWIN,PAIRED,PCR,METAGENOMIC,indoor metagenome,ILLUMINA,2017-12-31T00:00:00Z,2017-02-10T20:05:00Z,1,WTS1KCWIN,WTS1KCWIN,SRP099248
SRR5246556,AMPLICON,395,19059298,PRJNA373951,SAMN06319025,Metagenome or environmental,12922629,CITY UNIVERSITY OF HONG KONG,2014,public,"fastq,sra,run.zq","s3,gs,ncbi","gs.US,ncbi.public,s3.us-east-1",SRX2552996,Hong Kong,Asia,Hong Kong,Illumina MiSeq,air,22.42 N 114.11 E,WTS1BRWIN,PAIRED,PCR,METAGENOMIC,indoor metagenome,ILLUMINA,2017-12-31T00:00:00Z,2017-02-10T20:05:00Z,1,WTS1BRWIN,WTS1BRWIN,SRP099248
SRR5246557,AMPLICON,304,4895393,PRJNA373951,SAMN06319024,Metagenome or environmental,3180938,CITY UNIVERSITY OF HONG KONG,2014,public,"fastq,sra,run.zq","ncbi,s3,gs","ncbi.public,s3.us-east-1,gs.US",SRX2552997,Hong Kong,Asia,Hong Kong,Illumina MiSeq,Surface,22.42 N 114.11 E,WKS2TFBWIN,PAIRED,PCR,METAGENOMIC,indoor metagenome,ILLUMINA,2017-12-31T00:00:00Z,2017-02-10T20:05:00Z,1,WKS2TFBWIN,WKS2TFBWIN,SRP099248
SRR5246558,AMPLICON,486,21985795,PRJNA373951,SAMN06319023,Metagenome or environmental,13976021,CITY UNIVERSITY OF HONG KONG,2014,public,"run.zq,sra,fastq","ncbi,s3,gs","gs.US,ncbi.public,s3.us-east-1",SRX2552998,Hong Kong,Asia,Hong Kong,Illumina MiSeq,Surface,22.42 N 114.11 E,WKS2SWCWIN,PAIRED,PCR,METAGENOMIC,indoor metagenome,ILLUMINA,2017-12-31T00:00:00Z,2017-02-10T20:05:00Z,1,WKS2SWCWIN,WKS2SWCWIN,SRP099248
SRR5246559,AMPLICON,466,3907306,PRJNA373951,SAMN06319022,Metagenome or environmental,2782861,CITY UNIVERSITY OF HONG KONG,2014,public,"run.zq,sra,fastq","gs,ncbi,s3","s3.us-east-1,ncbi.public,gs.US",SRX2552999,Hong Kong,Asia,Hong Kong,Illumina MiSeq,Surface,22.42 N 114.11 E,WKS2SCRWIN,PAIRED,PCR,METAGENOMIC,indoor metagenome,ILLUMINA,2017-12-31T00:00:00Z,2017-02-10T20:05:00Z,1,WKS2SCRWIN,WKS2SCRWIN,SRP099248
SRR5246560,AMPLICON,461,12873800,PRJNA373951,SAMN06319021,Metagenome or environmental,8460997,CITY UNIVERSITY OF HONG KONG,2014,public,"run.zq,fastq,sra","gs,ncbi,s3","gs.US,s3.us-east-1,ncbi.public",SRX2553000,Hong Kong,Asia,Hong Kong,Illumina MiSeq,Surface,22.42 N 114.11 E,WKS2RMCWIN,PAIRED,PCR,METAGENOMIC,indoor metagenome,ILLUMINA,2017-12-31T00:00:00Z,2017-02-10T20:05:00Z,1,WKS2RMCWIN,WKS2RMCWIN,SRP099248
SRR5246561,AMPLICON,491,26299140,PRJNA373951,SAMN06319020,Metagenome or environmental,18063895,CITY UNIVERSITY OF HONG KONG,2014,public,"sra,run.zq,fastq","ncbi,s3,gs","ncbi.public,gs.US,s3.us-east-1",SRX2553001,Hong Kong,Asia,Hong Kong,Illumina MiSeq,Surface,22.42 N 114.11 E,WKS2KVTWIN,PAIRED,PCR,METAGENOMIC,indoor metagenome,ILLUMINA,2017-12-31T00:00:00Z,2017-02-10T20:05:00Z,1,WKS2KVTWIN,WKS2KVTWIN,SRP099248
SRR5246567,AMPLICON,306,7612929,PRJNA373951,SAMN06319014,Metagenome or environmental,5383079,CITY UNIVERSITY OF HONG KONG,2014,public,"fastq,run.zq,sra","gs,ncbi,s3","ncbi.public,gs.US,s3.us-east-1",SRX2553007,Hong Kong,Asia,Hong Kong,Illumina MiSeq,air,22.42 N 114.11 E,WKS1KCWIN,PAIRED,PCR,METAGENOMIC,indoor metagenome,ILLUMINA,2017-12-31T00:00:00Z,2017-02-10T20:05:00Z,1,WKS1KCWIN,WKS1KCWIN,SRP099248
SRR5246570,AMPLICON,469,20376839,PRJNA373951,SAMN06319011,Metagenome or environmental,12736407,CITY UNIVERSITY OF HONG KONG,2014,public,"sra,run.zq,fastq","gs,s3,ncbi","ncbi.public,s3.us-east-1,gs.US",SRX2553010,Hong Kong,Asia,Hong Kong,Illumina MiSeq,Surface,22.42 N 114.11 E,TY2SWCWIN,PAIRED,PCR,METAGENOMIC,indoor metagenome,ILLUMINA,2017-12-31T00:00:00Z,2017-02-10T20:05:00Z,1,TY2SWCWIN,TY2SWCWIN,SRP099248
SRR5246572,AMPLICON,464,36999345,PRJNA373951,SAMN06319009,Metagenome or environmental,23328153,CITY UNIVERSITY OF HONG KONG,2014,public,"fastq,sra,run.zq","ncbi,s3,gs","ncbi.public,gs.US,s3.us-east-1",SRX2553012,Hong Kong,Asia,Hong Kong,Illumina MiSeq,Surface,22.42 N 114.11 E,TY2RMCWIN,PAIRED,PCR,METAGENOMIC,indoor metagenome,ILLUMINA,2017-12-31T00:00:00Z,2017-02-10T20:06:00Z,1,TY2RMCWIN,TY2RMCWIN,SRP099248
SRR5246575,AMPLICON,358,11832599,PRJNA373951,SAMN06319006,Metagenome or environmental,7560316,CITY UNIVERSITY OF HONG KONG,2014,public,"sra,run.zq,fastq","ncbi,gs,s3","ncbi.public,gs.US,s3.us-east-1",SRX2553015,Hong Kong,Asia,Hong Kong,Illumina MiSeq,Surface,22.42 N 114.11 E,TY2BLKWIN,PAIRED,PCR,METAGENOMIC,indoor metagenome,ILLUMINA,2017-12-31T00:00:00Z,2017-02-10T20:05:00Z,1,TY2BLKWIN,TY2BLKWIN,SRP099248
SRR5246576,AMPLICON,211,4543851,PRJNA373951,SAMN06319005,Metagenome or environmental,2962715,CITY UNIVERSITY OF HONG KONG,2014,public,"sra,fastq,run.zq","s3,gs,ncbi","gs.US,s3.us-east-1,ncbi.public",SRX2553016,Hong Kong,Asia,Hong Kong,Illumina MiSeq,Surface,22.42 N 114.11 E,TY2BHBWIN,PAIRED,PCR,METAGENOMIC,indoor metagenome,ILLUMINA,2017-12-31T00:00:00Z,2017-02-10T20:05:00Z,1,TY2BHBWIN,TY2BHBWIN,SRP099248
SRR5246578,AMPLICON,224,7270597,PRJNA373951,SAMN06319003,Metagenome or environmental,4804776,CITY UNIVERSITY OF HONG KONG,2014,public,"sra,fastq,run.zq","ncbi,s3,gs","gs.US,s3.us-east-1,ncbi.public",SRX2553018,Hong Kong,Asia,Hong Kong,Illumina MiSeq,air,22.42 N 114.11 E,TY1LRWIN,PAIRED,PCR,METAGENOMIC,indoor metagenome,ILLUMINA,2017-12-31T00:00:00Z,2017-02-10T20:05:00Z,1,TY1LRWIN,TY1LRWIN,SRP099248
SRR5246579,AMPLICON,239,6158346,PRJNA373951,SAMN06319002,Metagenome or environmental,4123667,CITY UNIVERSITY OF HONG KONG,2014,public,"fastq,run.zq,sra","ncbi,gs,s3","ncbi.public,gs.US,s3.us-east-1",SRX2553019,Hong Kong,Asia,Hong Kong,Illumina MiSeq,air,22.42 N 114.11 E,TY1KCWIN,PAIRED,PCR,METAGENOMIC,indoor metagenome,ILLUMINA,2017-12-31T00:00:00Z,2017-02-10T20:05:00Z,1,TY1KCWIN,TY1KCWIN,SRP099248
SRR5246581,AMPLICON,491,23846717,PRJNA373951,SAMN06319000,Metagenome or environmental,15006161,CITY UNIVERSITY OF HONG KONG,2014,public,"sra,run.zq,fastq","s3,gs,ncbi","ncbi.public,gs.US,s3.us-east-1",SRX2553021,Hong Kong,Asia,Hong Kong,Illumina MiSeq,Surface,22.42 N 114.11 E,TMb2TFBWIN,PAIRED,PCR,METAGENOMIC,indoor metagenome,ILLUMINA,2017-12-31T00:00:00Z,2017-02-10T20:06:00Z,1,TMb2TFBWIN,TMb2TFBWIN,SRP099248
SRR5246582,AMPLICON,495,30098732,PRJNA373951,SAMN06318999,Metagenome or environmental,18607488,CITY UNIVERSITY OF HONG KONG,2014,public,"fastq,run.zq,sra","s3,ncbi,gs","ncbi.public,gs.US,s3.us-east-1",SRX2553022,Hong Kong,Asia,Hong Kong,Illumina MiSeq,Surface,22.42 N 114.11 E,TMb2SWCWIN,PAIRED,PCR,METAGENOMIC,indoor metagenome,ILLUMINA,2017-12-31T00:00:00Z,2017-02-10T20:06:00Z,1,TMb2SWCWIN,TMb2SWCWIN,SRP099248
SRR5246583,AMPLICON,493,15166366,PRJNA373951,SAMN06318998,Metagenome or environmental,9537037,CITY UNIVERSITY OF HONG KONG,2014,public,"fastq,sra,run.zq","s3,ncbi,gs","gs.US,ncbi.public,s3.us-east-1",SRX2553023,Hong Kong,Asia,Hong Kong,Illumina MiSeq,Surface,22.42 N 114.11 E,TMb2SCRWIN,PAIRED,PCR,METAGENOMIC,indoor metagenome,ILLUMINA,2017-12-31T00:00:00Z,2017-02-10T20:06:00Z,1,TMb2SCRWIN,TMb2SCRWIN,SRP099248
SRR5246584,AMPLICON,486,8401420,PRJNA373951,SAMN06318997,Metagenome or environmental,5729753,CITY UNIVERSITY OF HONG KONG,2014,public,"fastq,sra,run.zq","gs,ncbi,s3","s3.us-east-1,ncbi.public,gs.US",SRX2553024,Hong Kong,Asia,Hong Kong,Illumina MiSeq,Surface,22.42 N 114.11 E,TMb2RMCWIN,PAIRED,PCR,METAGENOMIC,indoor metagenome,ILLUMINA,2017-12-31T00:00:00Z,2017-02-10T20:06:00Z,1,TMb2RMCWIN,TMb2RMCWIN,SRP099248
SRR5246585,AMPLICON,497,51769111,PRJNA373951,SAMN06318996,Metagenome or environmental,33187157,CITY UNIVERSITY OF HONG KONG,2014,public,"sra,fastq,run.zq","gs,s3,ncbi","s3.us-east-1,gs.US,ncbi.public",SRX2553025,Hong Kong,Asia,Hong Kong,Illumina MiSeq,Surface,22.42 N 114.11 E,TMb2KVTWIN,PAIRED,PCR,METAGENOMIC,indoor metagenome,ILLUMINA,2017-12-31T00:00:00Z,2017-02-10T20:06:00Z,1,TMb2KVTWIN,TMb2KVTWIN,SRP099248
SRR5246586,AMPLICON,494,23298242,PRJNA373951,SAMN06318995,Metagenome or environmental,14958118,CITY UNIVERSITY OF HONG KONG,2014,public,"fastq,sra,run.zq","gs,ncbi,s3","gs.US,ncbi.public,s3.us-east-1",SRX2553026,Hong Kong,Asia,Hong Kong,Illumina MiSeq,Surface,22.42 N 114.11 E,TMb2FDSWIN,PAIRED,PCR,METAGENOMIC,indoor metagenome,ILLUMINA,2017-12-31T00:00:00Z,2017-02-10T20:06:00Z,1,TMb2FDSWIN,TMb2FDSWIN,SRP099248
SRR5246587,AMPLICON,490,13865418,PRJNA373951,SAMN06318994,Metagenome or environmental,9237164,CITY UNIVERSITY OF HONG KONG,2014,public,"fastq,sra,run.zq","gs,s3,ncbi","s3.us-east-1,ncbi.public,gs.US",SRX2553027,Hong Kong,Asia,Hong Kong,Illumina MiSeq,Surface,22.42 N 114.11 E,TMb2BLKWIN,PAIRED,PCR,METAGENOMIC,indoor metagenome,ILLUMINA,2017-12-31T00:00:00Z,2017-02-10T20:06:00Z,1,TMb2BLKWIN,TMb2BLKWIN,SRP099248
SRR5246588,AMPLICON,468,9181759,PRJNA373951,SAMN06318993,Metagenome or environmental,5774880,CITY UNIVERSITY OF HONG KONG,2014,public,"run.zq,fastq,sra","ncbi,s3,gs","gs.US,s3.us-east-1,ncbi.public",SRX2553028,Hong Kong,Asia,Hong Kong,Illumina MiSeq,Surface,22.42 N 114.11 E,TMb2BHBWIN,PAIRED,PCR,METAGENOMIC,indoor metagenome,ILLUMINA,2017-12-31T00:00:00Z,2017-02-10T20:06:00Z,1,TMb2BHBWIN,TMb2BHBWIN,SRP099248
SRR5246589,AMPLICON,314,13687880,PRJNA373951,SAMN06318992,Metagenome or environmental,8769120,CITY UNIVERSITY OF HONG KONG,2014,public,"run.zq,sra,fastq","s3,gs,ncbi","ncbi.public,s3.us-east-1,gs.US",SRX2553029,Hong Kong,Asia,Hong Kong,Illumina MiSeq,air,22.42 N 114.11 E,TMb1TLWIN,PAIRED,PCR,METAGENOMIC,indoor metagenome,ILLUMINA,2017-12-31T00:00:00Z,2017-02-10T20:06:00Z,1,TMb1TLWIN,TMb1TLWIN,SRP099248
SRR5246590,AMPLICON,259,8633570,PRJNA373951,SAMN06318991,Metagenome or environmental,5516877,CITY UNIVERSITY OF HONG KONG,2014,public,"fastq,sra,run.zq","ncbi,gs,s3","gs.US,ncbi.public,s3.us-east-1",SRX2553030,Hong Kong,Asia,Hong Kong,Illumina MiSeq,air,22.42 N 114.11 E,TMb1LRWIN,PAIRED,PCR,METAGENOMIC,indoor metagenome,ILLUMINA,2017-12-31T00:00:00Z,2017-02-10T20:06:00Z,1,TMb1LRWIN,TMb1LRWIN,SRP099248
SRR5246591,AMPLICON,384,16696425,PRJNA373951,SAMN06318990,Metagenome or environmental,11008564,CITY UNIVERSITY OF HONG KONG,2014,public,"sra,run.zq,fastq","s3,ncbi,gs","gs.US,s3.us-east-1,ncbi.public",SRX2553031,Hong Kong,Asia,Hong Kong,Illumina MiSeq,air,22.42 N 114.11 E,TMb1KCWIN,PAIRED,PCR,METAGENOMIC,indoor metagenome,ILLUMINA,2017-12-31T00:00:00Z,2017-02-10T20:06:00Z,1,TMb1KCWIN,TMb1KCWIN,SRP099248
SRR5246592,AMPLICON,348,22749458,PRJNA373951,SAMN06318989,Metagenome or environmental,14317483,CITY UNIVERSITY OF HONG KONG,2014,public,"sra,run.zq,fastq","ncbi,gs,s3","ncbi.public,s3.us-east-1,gs.US",SRX2553032,Hong Kong,Asia,Hong Kong,Illumina MiSeq,air,22.42 N 114.11 E,TMb1BRWIN,PAIRED,PCR,METAGENOMIC,indoor metagenome,ILLUMINA,2017-12-31T00:00:00Z,2017-02-10T20:06:00Z,1,TMb1BRWIN,TMb1BRWIN,SRP099248
SRR5246593,AMPLICON,467,18147761,PRJNA373951,SAMN06318988,Metagenome or environmental,11767271,CITY UNIVERSITY OF HONG KONG,2014,public,"fastq,sra,run.zq","s3,ncbi,gs","gs.US,s3.us-east-1,ncbi.public",SRX2553033,Hong Kong,Asia,Hong Kong,Illumina MiSeq,Surface,22.42 N 114.11 E,TMa2TFBWIN,PAIRED,PCR,METAGENOMIC,indoor metagenome,ILLUMINA,2017-12-31T00:00:00Z,2017-02-10T20:06:00Z,1,TMa2TFBWIN,TMa2TFBWIN,SRP099248
SRR5246594,AMPLICON,480,19061570,PRJNA373951,SAMN06318987,Metagenome or environmental,11650619,CITY UNIVERSITY OF HONG KONG,2014,public,"fastq,run.zq,sra","ncbi,s3,gs","s3.us-east-1,gs.US,ncbi.public",SRX2553034,Hong Kong,Asia,Hong Kong,Illumina MiSeq,Surface,22.42 N 114.11 E,TMa2SWCWIN,PAIRED,PCR,METAGENOMIC,indoor metagenome,ILLUMINA,2017-12-31T00:00:00Z,2017-02-10T20:06:00Z,1,TMa2SWCWIN,TMa2SWCWIN,SRP099248
SRR5246595,AMPLICON,460,12045553,PRJNA373951,SAMN06318986,Metagenome or environmental,7605418,CITY UNIVERSITY OF HONG KONG,2014,public,"sra,fastq,run.zq","ncbi,s3,gs","ncbi.public,gs.US,s3.us-east-1",SRX2553035,Hong Kong,Asia,Hong Kong,Illumina MiSeq,Surface,22.42 N 114.11 E,TMa2SCRWIN,PAIRED,PCR,METAGENOMIC,indoor metagenome,ILLUMINA,2017-12-31T00:00:00Z,2017-02-10T20:06:00Z,1,TMa2SCRWIN,TMa2SCRWIN,SRP099248
SRR5246596,AMPLICON,489,52594103,PRJNA373951,SAMN06318985,Metagenome or environmental,33280654,CITY UNIVERSITY OF HONG KONG,2014,public,"run.zq,sra,fastq","gs,s3,ncbi","ncbi.public,gs.US,s3.us-east-1",SRX2553036,Hong Kong,Asia,Hong Kong,Illumina MiSeq,Surface,22.42 N 114.11 E,TMa2RMCWIN,PAIRED,PCR,METAGENOMIC,indoor metagenome,ILLUMINA,2017-12-31T00:00:00Z,2017-02-10T20:06:00Z,1,TMa2RMCWIN,TMa2RMCWIN,SRP099248
SRR5246597,AMPLICON,496,82158998,PRJNA373951,SAMN06318984,Metagenome or environmental,51928438,CITY UNIVERSITY OF HONG KONG,2014,public,"fastq,sra,run.zq","ncbi,gs,s3","ncbi.public,gs.US,s3.us-east-1",SRX2553037,Hong Kong,Asia,Hong Kong,Illumina MiSeq,Surface,22.42 N 114.11 E,TMa2KVTWIN,PAIRED,PCR,METAGENOMIC,indoor metagenome,ILLUMINA,2017-12-31T00:00:00Z,2017-02-10T20:06:00Z,1,TMa2KVTWIN,TMa2KVTWIN,SRP099248
SRR5246598,AMPLICON,455,13441457,PRJNA373951,SAMN06318983,Metagenome or environmental,8649342,CITY UNIVERSITY OF HONG KONG,2014,public,"fastq,sra,run.zq","gs,ncbi,s3","ncbi.public,s3.us-east-1,gs.US",SRX2553038,Hong Kong,Asia,Hong Kong,Illumina MiSeq,Surface,22.42 N 114.11 E,TMa2FDSWIN,PAIRED,PCR,METAGENOMIC,indoor metagenome,ILLUMINA,2017-12-31T00:00:00Z,2017-02-10T20:06:00Z,1,TMa2FDSWIN,TMa2FDSWIN,SRP099248
SRR5246599,AMPLICON,410,23052520,PRJNA373951,SAMN06318982,Metagenome or environmental,14365418,CITY UNIVERSITY OF HONG KONG,2014,public,"sra,run.zq,fastq","s3,ncbi,gs","ncbi.public,s3.us-east-1,gs.US",SRX2553039,Hong Kong,Asia,Hong Kong,Illumina MiSeq,Surface,22.42 N 114.11 E,TMa2BLKWIN,PAIRED,PCR,METAGENOMIC,indoor metagenome,ILLUMINA,2017-12-31T00:00:00Z,2017-02-10T20:06:00Z,1,TMa2BLKWIN,TMa2BLKWIN,SRP099248
SRR5246600,AMPLICON,362,23727689,PRJNA373951,SAMN06318981,Metagenome or environmental,14906500,CITY UNIVERSITY OF HONG KONG,2014,public,"fastq,sra,run.zq","s3,ncbi,gs","gs.US,ncbi.public,s3.us-east-1",SRX2553040,Hong Kong,Asia,Hong Kong,Illumina MiSeq,Surface,22.42 N 114.11 E,TMa2BHBWIN,PAIRED,PCR,METAGENOMIC,indoor metagenome,ILLUMINA,2017-12-31T00:00:00Z,2017-02-10T20:06:00Z,1,TMa2BHBWIN,TMa2BHBWIN,SRP099248
SRR5246601,AMPLICON,361,10369343,PRJNA373951,SAMN06318980,Metagenome or environmental,6692968,CITY UNIVERSITY OF HONG KONG,2014,public,"fastq,sra,run.zq","s3,ncbi,gs","s3.us-east-1,gs.US,ncbi.public",SRX2553041,Hong Kong,Asia,Hong Kong,Illumina MiSeq,air,22.42 N 114.11 E,TMa1TLWIN,PAIRED,PCR,METAGENOMIC,indoor metagenome,ILLUMINA,2017-12-31T00:00:00Z,2017-02-10T20:06:00Z,1,TMa1TLWIN,TMa1TLWIN,SRP099248
SRR5246602,AMPLICON,474,46120096,PRJNA373951,SAMN06318979,Metagenome or environmental,30837508,CITY UNIVERSITY OF HONG KONG,2014,public,"sra,fastq,run.zq","ncbi,gs,s3","s3.us-east-1,gs.US,ncbi.public",SRX2553042,Hong Kong,Asia,Hong Kong,Illumina MiSeq,air,22.42 N 114.11 E,TMa1LRWIN,PAIRED,PCR,METAGENOMIC,indoor metagenome,ILLUMINA,2017-12-31T00:00:00Z,2017-02-10T20:06:00Z,1,TMa1LRWIN,TMa1LRWIN,SRP099248
SRR5246603,AMPLICON,396,25514135,PRJNA373951,SAMN06318978,Metagenome or environmental,16736874,CITY UNIVERSITY OF HONG KONG,2014,public,"sra,fastq,run.zq","gs,ncbi,s3","gs.US,ncbi.public,s3.us-east-1",SRX2553043,Hong Kong,Asia,Hong Kong,Illumina MiSeq,air,22.42 N 114.11 E,TMa1KCWIN,PAIRED,PCR,METAGENOMIC,indoor metagenome,ILLUMINA,2017-12-31T00:00:00Z,2017-02-10T20:06:00Z,1,TMa1KCWIN,TMa1KCWIN,SRP099248
SRR5246604,AMPLICON,469,44738010,PRJNA373951,SAMN06318977,Metagenome or environmental,28524549,CITY UNIVERSITY OF HONG KONG,2014,public,"sra,fastq,run.zq","s3,ncbi,gs","s3.us-east-1,gs.US,ncbi.public",SRX2553044,Hong Kong,Asia,Hong Kong,Illumina MiSeq,air,22.42 N 114.11 E,TMa1BRWIN,PAIRED,PCR,METAGENOMIC,indoor metagenome,ILLUMINA,2017-12-31T00:00:00Z,2017-02-10T20:06:00Z,1,TMa1BRWIN,TMa1BRWIN,SRP099248
SRR5246606,AMPLICON,411,16953832,PRJNA373951,SAMN06318975,Metagenome or environmental,10738654,CITY UNIVERSITY OF HONG KONG,2014,public,"sra,fastq,run.zq","ncbi,s3,gs","s3.us-east-1,gs.US,ncbi.public",SRX2553046,Hong Kong,Asia,Hong Kong,Illumina MiSeq,Surface,22.42 N 114.11 E,TK2SWCWIN,PAIRED,PCR,METAGENOMIC,indoor metagenome,ILLUMINA,2017-12-31T00:00:00Z,2017-02-10T20:06:00Z,1,TK2SWCWIN,TK2SWCWIN,SRP099248
SRR5246607,AMPLICON,459,12905206,PRJNA373951,SAMN06318974,Metagenome or environmental,8056148,CITY UNIVERSITY OF HONG KONG,2014,public,"sra,fastq,run.zq","ncbi,gs,s3","gs.US,s3.us-east-1,ncbi.public",SRX2553047,Hong Kong,Asia,Hong Kong,Illumina MiSeq,Surface,22.42 N 114.11 E,TK2SCRWIN,PAIRED,PCR,METAGENOMIC,indoor metagenome,ILLUMINA,2017-12-31T00:00:00Z,2017-02-10T20:06:00Z,1,TK2SCRWIN,TK2SCRWIN,SRP099248
SRR5246608,AMPLICON,469,20093996,PRJNA373951,SAMN06318973,Metagenome or environmental,12396004,CITY UNIVERSITY OF HONG KONG,2014,public,"sra,run.zq,fastq","s3,gs,ncbi","s3.us-east-1,ncbi.public,gs.US",SRX2553048,Hong Kong,Asia,Hong Kong,Illumina MiSeq,Surface,22.42 N 114.11 E,TK2RMCWIN,PAIRED,PCR,METAGENOMIC,indoor metagenome,ILLUMINA,2017-12-31T00:00:00Z,2017-02-10T20:06:00Z,1,TK2RMCWIN,TK2RMCWIN,SRP099248
SRR5246609,AMPLICON,463,13066967,PRJNA373951,SAMN06318972,Metagenome or environmental,8523938,CITY UNIVERSITY OF HONG KONG,2014,public,"fastq,run.zq,sra","ncbi,gs,s3","ncbi.public,gs.US,s3.us-east-1",SRX2553049,Hong Kong,Asia,Hong Kong,Illumina MiSeq,Surface,22.42 N 114.11 E,TK2KVTWIN,PAIRED,PCR,METAGENOMIC,indoor metagenome,ILLUMINA,2017-12-31T00:00:00Z,2017-02-10T20:06:00Z,1,TK2KVTWIN,TK2KVTWIN,SRP099248
SRR5246610,AMPLICON,410,8398227,PRJNA373951,SAMN06318971,Metagenome or environmental,5351913,CITY UNIVERSITY OF HONG KONG,2014,public,"sra,run.zq,fastq","gs,s3,ncbi","gs.US,ncbi.public,s3.us-east-1",SRX2553050,Hong Kong,Asia,Hong Kong,Illumina MiSeq,Surface,22.42 N 114.11 E,TK2FDSWIN,PAIRED,PCR,METAGENOMIC,indoor metagenome,ILLUMINA,2017-12-31T00:00:00Z,2017-02-10T20:06:00Z,1,TK2FDSWIN,TK2FDSWIN,SRP099248
SRR5246611,AMPLICON,432,30459163,PRJNA373951,SAMN06318970,Metagenome or environmental,19276899,CITY UNIVERSITY OF HONG KONG,2014,public,"sra,run.zq,fastq","s3,gs,ncbi","s3.us-east-1,ncbi.public,gs.US",SRX2553051,Hong Kong,Asia,Hong Kong,Illumina MiSeq,Surface,22.42 N 114.11 E,TK2BLKWIN,PAIRED,PCR,METAGENOMIC,indoor metagenome,ILLUMINA,2017-12-31T00:00:00Z,2017-02-10T20:06:00Z,1,TK2BLKWIN,TK2BLKWIN,SRP099248
SRR5246612,AMPLICON,329,16151471,PRJNA373951,SAMN06318969,Metagenome or environmental,10217326,CITY UNIVERSITY OF HONG KONG,2014,public,"sra,fastq,run.zq","s3,ncbi,gs","s3.us-east-1,ncbi.public,gs.US",SRX2553052,Hong Kong,Asia,Hong Kong,Illumina MiSeq,Surface,22.42 N 114.11 E,TK2BHBWIN,PAIRED,PCR,METAGENOMIC,indoor metagenome,ILLUMINA,2017-12-31T00:00:00Z,2017-02-10T20:06:00Z,1,TK2BHBWIN,TK2BHBWIN,SRP099248
SRR5246613,AMPLICON,370,10371326,PRJNA373951,SAMN06318968,Metagenome or environmental,7169823,CITY UNIVERSITY OF HONG KONG,2014,public,"sra,fastq,run.zq","gs,ncbi,s3","gs.US,s3.us-east-1,ncbi.public",SRX2553053,Hong Kong,Asia,Hong Kong,Illumina MiSeq,air,22.42 N 114.11 E,TK1TLWIN,PAIRED,PCR,METAGENOMIC,indoor metagenome,ILLUMINA,2017-12-31T00:00:00Z,2017-02-10T20:06:00Z,1,TK1TLWIN,TK1TLWIN,SRP099248
SRR5246614,AMPLICON,316,8323855,PRJNA373951,SAMN06318967,Metagenome or environmental,5636090,CITY UNIVERSITY OF HONG KONG,2014,public,"sra,run.zq,fastq","s3,ncbi,gs","ncbi.public,gs.US,s3.us-east-1",SRX2553054,Hong Kong,Asia,Hong Kong,Illumina MiSeq,air,22.42 N 114.11 E,TK1LRWIN,PAIRED,PCR,METAGENOMIC,indoor metagenome,ILLUMINA,2017-12-31T00:00:00Z,2017-02-10T20:06:00Z,1,TK1LRWIN,TK1LRWIN,SRP099248
SRR5246615,AMPLICON,363,8878915,PRJNA373951,SAMN06318966,Metagenome or environmental,6025856,CITY UNIVERSITY OF HONG KONG,2014,public,"sra,fastq,run.zq","s3,ncbi,gs","s3.us-east-1,gs.US,ncbi.public",SRX2553055,Hong Kong,Asia,Hong Kong,Illumina MiSeq,air,22.42 N 114.11 E,TK1KCWIN,PAIRED,PCR,METAGENOMIC,indoor metagenome,ILLUMINA,2017-12-31T00:00:00Z,2017-02-10T20:06:00Z,1,TK1KCWIN,TK1KCWIN,SRP099248
SRR5246616,AMPLICON,287,5809771,PRJNA373951,SAMN06318965,Metagenome or environmental,3962623,CITY UNIVERSITY OF HONG KONG,2014,public,"fastq,sra,run.zq","ncbi,s3,gs","ncbi.public,gs.US,s3.us-east-1",SRX2553056,Hong Kong,Asia,Hong Kong,Illumina MiSeq,air,22.42 N 114.11 E,TK1BRWIN,PAIRED,PCR,METAGENOMIC,indoor metagenome,ILLUMINA,2017-12-31T00:00:00Z,2017-02-10T20:06:00Z,1,TK1BRWIN,TK1BRWIN,SRP099248
SRR5246617,AMPLICON,362,6789680,PRJNA373951,SAMN06318964,Metagenome or environmental,4277630,CITY UNIVERSITY OF HONG KONG,2014,public,"run.zq,sra,fastq","s3,ncbi,gs","gs.US,ncbi.public,s3.us-east-1",SRX2553057,Hong Kong,Asia,Hong Kong,Illumina MiSeq,Surface,22.42 N 114.11 E,TH2TFBWIN,PAIRED,PCR,METAGENOMIC,indoor metagenome,ILLUMINA,2017-12-31T00:00:00Z,2017-02-10T20:06:00Z,1,TH2TFBWIN,TH2TFBWIN,SRP099248
SRR5246618,AMPLICON,473,9157327,PRJNA373951,SAMN06318963,Metagenome or environmental,5595949,CITY UNIVERSITY OF HONG KONG,2014,public,"run.zq,sra,fastq","gs,s3,ncbi","s3.us-east-1,ncbi.public,gs.US",SRX2553058,Hong Kong,Asia,Hong Kong,Illumina MiSeq,Surface,22.42 N 114.11 E,TH2SWCWIN,PAIRED,PCR,METAGENOMIC,indoor metagenome,ILLUMINA,2017-12-31T00:00:00Z,2017-02-10T20:06:00Z,1,TH2SWCWIN,TH2SWCWIN,SRP099248
SRR5246619,AMPLICON,471,25229682,PRJNA373951,SAMN06318962,Metagenome or environmental,15467652,CITY UNIVERSITY OF HONG KONG,2014,public,"sra,fastq,run.zq","gs,s3,ncbi","gs.US,ncbi.public,s3.us-east-1",SRX2553059,Hong Kong,Asia,Hong Kong,Illumina MiSeq,Surface,22.42 N 114.11 E,TH2SCRWIN,PAIRED,PCR,METAGENOMIC,indoor metagenome,ILLUMINA,2017-12-31T00:00:00Z,2017-02-10T20:06:00Z,1,TH2SCRWIN,TH2SCRWIN,SRP099248
SRR5246620,AMPLICON,496,34782065,PRJNA373951,SAMN06318961,Metagenome or environmental,21412266,CITY UNIVERSITY OF HONG KONG,2014,public,"run.zq,sra,fastq","ncbi,gs,s3","ncbi.public,gs.US,s3.us-east-1",SRX2553060,Hong Kong,Asia,Hong Kong,Illumina MiSeq,Surface,22.42 N 114.11 E,TH2RMCWIN,PAIRED,PCR,METAGENOMIC,indoor metagenome,ILLUMINA,2017-12-31T00:00:00Z,2017-02-10T20:06:00Z,1,TH2RMCWIN,TH2RMCWIN,SRP099248
SRR5246621,AMPLICON,455,21460802,PRJNA373951,SAMN06318960,Metagenome or environmental,13253922,CITY UNIVERSITY OF HONG KONG,2014,public,"run.zq,fastq,sra","s3,gs,ncbi","s3.us-east-1,ncbi.public,gs.US",SRX2553061,Hong Kong,Asia,Hong Kong,Illumina MiSeq,Surface,22.42 N 114.11 E,TH2KVTWIN,PAIRED,PCR,METAGENOMIC,indoor metagenome,ILLUMINA,2017-12-31T00:00:00Z,2017-02-10T20:06:00Z,1,TH2KVTWIN,TH2KVTWIN,SRP099248
SRR5246622,AMPLICON,472,9227084,PRJNA373951,SAMN06318959,Metagenome or environmental,5733570,CITY UNIVERSITY OF HONG KONG,2014,public,"run.zq,sra,fastq","ncbi,gs,s3","s3.us-east-1,gs.US,ncbi.public",SRX2553062,Hong Kong,Asia,Hong Kong,Illumina MiSeq,Surface,22.42 N 114.11 E,TH2FDSWIN,PAIRED,PCR,METAGENOMIC,indoor metagenome,ILLUMINA,2017-12-31T00:00:00Z,2017-02-10T20:06:00Z,1,TH2FDSWIN,TH2FDSWIN,SRP099248
SRR5246623,AMPLICON,483,20988709,PRJNA373951,SAMN06318958,Metagenome or environmental,13000245,CITY UNIVERSITY OF HONG KONG,2014,public,"fastq,run.zq,sra","s3,ncbi,gs","ncbi.public,s3.us-east-1,gs.US",SRX2553063,Hong Kong,Asia,Hong Kong,Illumina MiSeq,Surface,22.42 N 114.11 E,TH2BLKWIN,PAIRED,PCR,METAGENOMIC,indoor metagenome,ILLUMINA,2017-12-31T00:00:00Z,2017-02-10T20:06:00Z,1,TH2BLKWIN,TH2BLKWIN,SRP099248
SRR5246624,AMPLICON,461,19224174,PRJNA373951,SAMN06318957,Metagenome or environmental,11963424,CITY UNIVERSITY OF HONG KONG,2014,public,"sra,run.zq,fastq","ncbi,gs,s3","gs.US,ncbi.public,s3.us-east-1",SRX2553064,Hong Kong,Asia,Hong Kong,Illumina MiSeq,Surface,22.42 N 114.11 E,TH2BHBWIN,PAIRED,PCR,METAGENOMIC,indoor metagenome,ILLUMINA,2017-12-31T00:00:00Z,2017-02-10T20:06:00Z,1,TH2BHBWIN,TH2BHBWIN,SRP099248
SRR5246625,AMPLICON,374,20589086,PRJNA373951,SAMN06318956,Metagenome or environmental,13614547,CITY UNIVERSITY OF HONG KONG,2014,public,"fastq,sra,run.zq","gs,s3,ncbi","gs.US,ncbi.public,s3.us-east-1",SRX2553065,Hong Kong,Asia,Hong Kong,Illumina MiSeq,air,22.42 N 114.11 E,TH1TLWIN,PAIRED,PCR,METAGENOMIC,indoor metagenome,ILLUMINA,2017-12-31T00:00:00Z,2017-02-10T20:06:00Z,1,TH1TLWIN,TH1TLWIN,SRP099248
SRR5246626,AMPLICON,279,13433781,PRJNA373951,SAMN06318955,Metagenome or environmental,8511636,CITY UNIVERSITY OF HONG KONG,2014,public,"fastq,sra,run.zq","s3,gs,ncbi","ncbi.public,s3.us-east-1,gs.US",SRX2553066,Hong Kong,Asia,Hong Kong,Illumina MiSeq,air,22.42 N 114.11 E,TH1LRWIN,PAIRED,PCR,METAGENOMIC,indoor metagenome,ILLUMINA,2017-12-31T00:00:00Z,2017-02-10T20:06:00Z,1,TH1LRWIN,TH1LRWIN,SRP099248
SRR5246627,AMPLICON,327,19609648,PRJNA373951,SAMN06318954,Metagenome or environmental,12669329,CITY UNIVERSITY OF HONG KONG,2014,public,"run.zq,fastq,sra","gs,s3,ncbi","s3.us-east-1,gs.US,ncbi.public",SRX2553067,Hong Kong,Asia,Hong Kong,Illumina MiSeq,air,22.42 N 114.11 E,TH1KCWIN,PAIRED,PCR,METAGENOMIC,indoor metagenome,ILLUMINA,2017-12-31T00:00:00Z,2017-02-10T20:06:00Z,1,TH1KCWIN,TH1KCWIN,SRP099248
SRR5246628,AMPLICON,292,13208248,PRJNA373951,SAMN06318953,Metagenome or environmental,8526149,CITY UNIVERSITY OF HONG KONG,2014,public,"run.zq,sra,fastq","gs,s3,ncbi","s3.us-east-1,ncbi.public,gs.US",SRX2553068,Hong Kong,Asia,Hong Kong,Illumina MiSeq,air,22.42 N 114.11 E,TH1BRWIN,PAIRED,PCR,METAGENOMIC,indoor metagenome,ILLUMINA,2017-12-31T00:00:00Z,2017-02-10T20:06:00Z,1,TH1BRWIN,TH1BRWIN,SRP099248
SRR5246629,AMPLICON,390,23083769,PRJNA373951,SAMN06318952,Metagenome or environmental,14509929,CITY UNIVERSITY OF HONG KONG,2014,public,"sra,fastq,run.zq","gs,ncbi,s3","gs.US,ncbi.public,s3.us-east-1",SRX2553069,Hong Kong,Asia,Hong Kong,Illumina MiSeq,Surface,22.42 N 114.11 E,SW2TFBWIN,PAIRED,PCR,METAGENOMIC,indoor metagenome,ILLUMINA,2017-12-31T00:00:00Z,2017-02-10T20:06:00Z,1,SW2TFBWIN,SW2TFBWIN,SRP099248
SRR5246630,AMPLICON,396,13502995,PRJNA373951,SAMN06318951,Metagenome or environmental,8435917,CITY UNIVERSITY OF HONG KONG,2014,public,"run.zq,sra,fastq","gs,s3,ncbi","ncbi.public,s3.us-east-1,gs.US",SRX2553070,Hong Kong,Asia,Hong Kong,Illumina MiSeq,Surface,22.42 N 114.11 E,SW2SWCWIN,PAIRED,PCR,METAGENOMIC,indoor metagenome,ILLUMINA,2017-12-31T00:00:00Z,2017-02-10T20:06:00Z,1,SW2SWCWIN,SW2SWCWIN,SRP099248
SRR5246631,AMPLICON,494,80522815,PRJNA373951,SAMN06318950,Metagenome or environmental,50654466,CITY UNIVERSITY OF HONG KONG,2014,public,"run.zq,sra,fastq","ncbi,s3,gs","ncbi.public,gs.US,s3.us-east-1",SRX2553071,Hong Kong,Asia,Hong Kong,Illumina MiSeq,Surface,22.42 N 114.11 E,SW2SCRWIN,PAIRED,PCR,METAGENOMIC,indoor metagenome,ILLUMINA,2017-12-31T00:00:00Z,2017-02-10T20:07:00Z,1,SW2SCRWIN,SW2SCRWIN,SRP099248
SRR5246632,AMPLICON,491,45407892,PRJNA373951,SAMN06318949,Metagenome or environmental,27951150,CITY UNIVERSITY OF HONG KONG,2014,public,"sra,fastq,run.zq","ncbi,gs,s3","gs.US,s3.us-east-1,ncbi.public",SRX2553072,Hong Kong,Asia,Hong Kong,Illumina MiSeq,Surface,22.42 N 114.11 E,SW2RMCWIN,PAIRED,PCR,METAGENOMIC,indoor metagenome,ILLUMINA,2017-12-31T00:00:00Z,2017-02-10T20:06:00Z,1,SW2RMCWIN,SW2RMCWIN,SRP099248
SRR5246634,AMPLICON,472,20078328,PRJNA373951,SAMN06318947,Metagenome or environmental,12601707,CITY UNIVERSITY OF HONG KONG,2014,public,"sra,run.zq,fastq","gs,s3,ncbi","s3.us-east-1,gs.US,ncbi.public",SRX2553074,Hong Kong,Asia,Hong Kong,Illumina MiSeq,Surface,22.42 N 114.11 E,SW2FDSWIN,PAIRED,PCR,METAGENOMIC,indoor metagenome,ILLUMINA,2017-12-31T00:00:00Z,2017-02-10T20:06:00Z,1,SW2FDSWIN,SW2FDSWIN,SRP099248
SRR5246635,AMPLICON,462,31280186,PRJNA373951,SAMN06318946,Metagenome or environmental,19547322,CITY UNIVERSITY OF HONG KONG,2014,public,"run.zq,sra,fastq","ncbi,gs,s3","gs.US,s3.us-east-1,ncbi.public",SRX2553075,Hong Kong,Asia,Hong Kong,Illumina MiSeq,Surface,22.42 N 114.11 E,SW2BLKWIN,PAIRED,PCR,METAGENOMIC,indoor metagenome,ILLUMINA,2017-12-31T00:00:00Z,2017-02-10T20:06:00Z,1,SW2BLKWIN,SW2BLKWIN,SRP099248
SRR5246636,AMPLICON,449,8823204,PRJNA373951,SAMN06318945,Metagenome or environmental,5773467,CITY UNIVERSITY OF HONG KONG,2014,public,"sra,run.zq,fastq","s3,gs,ncbi","gs.US,s3.us-east-1,ncbi.public",SRX2553076,Hong Kong,Asia,Hong Kong,Illumina MiSeq,Surface,22.42 N 114.11 E,SW2BHBWIN,PAIRED,PCR,METAGENOMIC,indoor metagenome,ILLUMINA,2017-12-31T00:00:00Z,2017-02-10T20:06:00Z,1,SW2BHBWIN,SW2BHBWIN,SRP099248
SRR5246637,AMPLICON,351,15740868,PRJNA373951,SAMN06318944,Metagenome or environmental,10212200,CITY UNIVERSITY OF HONG KONG,2014,public,"sra,run.zq,fastq","ncbi,gs,s3","ncbi.public,gs.US,s3.us-east-1",SRX2553077,Hong Kong,Asia,Hong Kong,Illumina MiSeq,air,22.42 N 114.11 E,SW1TLWIN,PAIRED,PCR,METAGENOMIC,indoor metagenome,ILLUMINA,2017-12-31T00:00:00Z,2017-02-10T20:06:00Z,1,SW1TLWIN,SW1TLWIN,SRP099248
SRR5246638,AMPLICON,351,14892302,PRJNA373951,SAMN06318943,Metagenome or environmental,9613876,CITY UNIVERSITY OF HONG KONG,2014,public,"sra,run.zq,fastq","ncbi,s3,gs","s3.us-east-1,ncbi.public,gs.US",SRX2553078,Hong Kong,Asia,Hong Kong,Illumina MiSeq,air,22.42 N 114.11 E,SW1LRWIN,PAIRED,PCR,METAGENOMIC,indoor metagenome,ILLUMINA,2017-12-31T00:00:00Z,2017-02-10T20:06:00Z,1,SW1LRWIN,SW1LRWIN,SRP099248
SRR5246639,AMPLICON,239,7076170,PRJNA373951,SAMN06318942,Metagenome or environmental,4566342,CITY UNIVERSITY OF HONG KONG,2014,public,"fastq,sra,run.zq","ncbi,s3,gs","ncbi.public,gs.US,s3.us-east-1",SRX2553079,Hong Kong,Asia,Hong Kong,Illumina MiSeq,air,22.42 N 114.11 E,SW1KCWIN,PAIRED,PCR,METAGENOMIC,indoor metagenome,ILLUMINA,2017-12-31T00:00:00Z,2017-02-10T20:06:00Z,1,SW1KCWIN,SW1KCWIN,SRP099248
SRR5246640,AMPLICON,320,12907285,PRJNA373951,SAMN06318941,Metagenome or environmental,8533286,CITY UNIVERSITY OF HONG KONG,2014,public,"sra,fastq,run.zq","ncbi,s3,gs","gs.US,s3.us-east-1,ncbi.public",SRX2553080,Hong Kong,Asia,Hong Kong,Illumina MiSeq,air,22.42 N 114.11 E,SW1BRWIN,PAIRED,PCR,METAGENOMIC,indoor metagenome,ILLUMINA,2017-12-31T00:00:00Z,2017-02-10T20:06:00Z,1,SW1BRWIN,SW1BRWIN,SRP099248
SRR5246641,AMPLICON,446,16602539,PRJNA373951,SAMN06318940,Metagenome or environmental,10505645,CITY UNIVERSITY OF HONG KONG,2014,public,"fastq,run.zq,sra","s3,gs,ncbi","s3.us-east-1,ncbi.public,gs.US",SRX2553081,Hong Kong,Asia,Hong Kong,Illumina MiSeq,Surface,22.42 N 114.11 E,STW2TFBWIN,PAIRED,PCR,METAGENOMIC,indoor metagenome,ILLUMINA,2017-12-31T00:00:00Z,2017-02-10T20:06:00Z,1,STW2TFBWIN,STW2TFBWIN,SRP099248
SRR5246642,AMPLICON,486,16093070,PRJNA373951,SAMN06318939,Metagenome or environmental,10393640,CITY UNIVERSITY OF HONG KONG,2014,public,"run.zq,fastq,sra","s3,gs,ncbi","ncbi.public,s3.us-east-1,gs.US",SRX2553082,Hong Kong,Asia,Hong Kong,Illumina MiSeq,Surface,22.42 N 114.11 E,STW2SWCWIN,PAIRED,PCR,METAGENOMIC,indoor metagenome,ILLUMINA,2017-12-31T00:00:00Z,2017-02-10T20:06:00Z,1,STW2SWCWIN,STW2SWCWIN,SRP099248
SRR5246643,AMPLICON,479,6779592,PRJNA373951,SAMN06318938,Metagenome or environmental,4829806,CITY UNIVERSITY OF HONG KONG,2014,public,"fastq,run.zq,sra","gs,s3,ncbi","gs.US,ncbi.public,s3.us-east-1",SRX2553083,Hong Kong,Asia,Hong Kong,Illumina MiSeq,Surface,22.42 N 114.11 E,STW2SCRWIN,PAIRED,PCR,METAGENOMIC,indoor metagenome,ILLUMINA,2017-12-31T00:00:00Z,2017-02-10T20:06:00Z,1,STW2SCRWIN,STW2SCRWIN,SRP099248
SRR5246644,AMPLICON,403,9730388,PRJNA373951,SAMN06318937,Metagenome or environmental,6250203,CITY UNIVERSITY OF HONG KONG,2014,public,"fastq,sra,run.zq","ncbi,gs,s3","ncbi.public,gs.US,s3.us-east-1",SRX2553084,Hong Kong,Asia,Hong Kong,Illumina MiSeq,Surface,22.42 N 114.11 E,STW2RMCWIN,PAIRED,PCR,METAGENOMIC,indoor metagenome,ILLUMINA,2017-12-31T00:00:00Z,2017-02-10T20:06:00Z,1,STW2RMCWIN,STW2RMCWIN,SRP099248
SRR5246645,AMPLICON,463,11469514,PRJNA373951,SAMN06318936,Metagenome or environmental,7477362,CITY UNIVERSITY OF HONG KONG,2014,public,"sra,run.zq,fastq","ncbi,s3,gs","s3.us-east-1,gs.US,ncbi.public",SRX2553085,Hong Kong,Asia,Hong Kong,Illumina MiSeq,Surface,22.42 N 114.11 E,STW2KVTWIN,PAIRED,PCR,METAGENOMIC,indoor metagenome,ILLUMINA,2017-12-31T00:00:00Z,2017-02-10T20:06:00Z,1,STW2KVTWIN,STW2KVTWIN,SRP099248
SRR5246646,AMPLICON,495,30451976,PRJNA373951,SAMN06318935,Metagenome or environmental,19296840,CITY UNIVERSITY OF HONG KONG,2014,public,"run.zq,fastq,sra","ncbi,s3,gs","ncbi.public,gs.US,s3.us-east-1",SRX2553086,Hong Kong,Asia,Hong Kong,Illumina MiSeq,Surface,22.42 N 114.11 E,STW2FDSWIN,PAIRED,PCR,METAGENOMIC,indoor metagenome,ILLUMINA,2017-12-31T00:00:00Z,2017-02-10T20:06:00Z,1,STW2FDSWIN,STW2FDSWIN,SRP099248
SRR5246647,AMPLICON,408,8927005,PRJNA373951,SAMN06318934,Metagenome or environmental,5745868,CITY UNIVERSITY OF HONG KONG,2014,public,"fastq,sra,run.zq","ncbi,s3,gs","s3.us-east-1,gs.US,ncbi.public",SRX2553087,Hong Kong,Asia,Hong Kong,Illumina MiSeq,Surface,22.42 N 114.11 E,STW2BLKWIN,PAIRED,PCR,METAGENOMIC,indoor metagenome,ILLUMINA,2017-12-31T00:00:00Z,2017-02-10T20:06:00Z,1,STW2BLKWIN,STW2BLKWIN,SRP099248
SRR5246650,AMPLICON,376,20729560,PRJNA373951,SAMN06318931,Metagenome or environmental,12943134,CITY UNIVERSITY OF HONG KONG,2014,public,"run.zq,sra,fastq","gs,s3,ncbi","ncbi.public,gs.US,s3.us-east-1",SRX2553090,Hong Kong,Asia,Hong Kong,Illumina MiSeq,air,22.42 N 114.11 E,STW1LRWIN,PAIRED,PCR,METAGENOMIC,indoor metagenome,ILLUMINA,2017-12-31T00:00:00Z,2017-02-10T20:07:00Z,1,STW1LRWIN,STW1LRWIN,SRP099248
SRR5246651,AMPLICON,421,14649888,PRJNA373951,SAMN06318930,Metagenome or environmental,9515090,CITY UNIVERSITY OF HONG KONG,2014,public,"fastq,run.zq","ncbi,gs,s3","ncbi.public,gs.US,s3.us-east-1",SRX2553091,Hong Kong,Asia,Hong Kong,Illumina MiSeq,air,22.42 N 114.11 E,STW1KCWIN,PAIRED,PCR,METAGENOMIC,indoor metagenome,ILLUMINA,2017-12-31T00:00:00Z,2017-02-10T20:07:00Z,1,STW1KCWIN,STW1KCWIN,SRP099248
SRR5246653,AMPLICON,476,23415160,PRJNA373951,SAMN06318928,Metagenome or environmental,15803638,CITY UNIVERSITY OF HONG KONG,2014,public,"fastq,run.zq,sra","gs,ncbi,s3","s3.us-east-1,gs.US,ncbi.public",SRX2553093,Hong Kong,Asia,Hong Kong,Illumina MiSeq,Surface,22.42 N 114.11 E,QB2TFBWIN,PAIRED,PCR,METAGENOMIC,indoor metagenome,ILLUMINA,2017-12-31T00:00:00Z,2017-02-10T20:07:00Z,1,QB2TFBWIN,QB2TFBWIN,SRP099248
SRR5246654,AMPLICON,485,13771164,PRJNA373951,SAMN06318927,Metagenome or environmental,8646502,CITY UNIVERSITY OF HONG KONG,2014,public,"sra,run.zq,fastq","ncbi,s3,gs","gs.US,s3.us-east-1,ncbi.public",SRX2553094,Hong Kong,Asia,Hong Kong,Illumina MiSeq,Surface,22.42 N 114.11 E,QB2SWCWIN,PAIRED,PCR,METAGENOMIC,indoor metagenome,ILLUMINA,2017-12-31T00:00:00Z,2017-02-10T20:07:00Z,1,QB2SWCWIN,QB2SWCWIN,SRP099248
SRR5246655,AMPLICON,460,14362302,PRJNA373951,SAMN06318926,Metagenome or environmental,9106176,CITY UNIVERSITY OF HONG KONG,2014,public,"fastq,run.zq,sra","gs,s3,ncbi","s3.us-east-1,ncbi.public,gs.US",SRX2553095,Hong Kong,Asia,Hong Kong,Illumina MiSeq,Surface,22.42 N 114.11 E,QB2SCRWIN,PAIRED,PCR,METAGENOMIC,indoor metagenome,ILLUMINA,2017-12-31T00:00:00Z,2017-02-10T20:07:00Z,1,QB2SCRWIN,QB2SCRWIN,SRP099248
SRR5246656,AMPLICON,442,6323938,PRJNA373951,SAMN06318925,Metagenome or environmental,4348092,CITY UNIVERSITY OF HONG KONG,2014,public,"fastq,run.zq,sra","ncbi,s3,gs","gs.US,ncbi.public,s3.us-east-1",SRX2553096,Hong Kong,Asia,Hong Kong,Illumina MiSeq,Surface,22.42 N 114.11 E,QB2RMCWIN,PAIRED,PCR,METAGENOMIC,indoor metagenome,ILLUMINA,2017-12-31T00:00:00Z,2017-02-10T20:07:00Z,1,QB2RMCWIN,QB2RMCWIN,SRP099248
SRR5246657,AMPLICON,483,20256579,PRJNA373951,SAMN06318924,Metagenome or environmental,12910619,CITY UNIVERSITY OF HONG KONG,2014,public,"sra,run.zq,fastq","gs,s3,ncbi","ncbi.public,gs.US,s3.us-east-1",SRX2553097,Hong Kong,Asia,Hong Kong,Illumina MiSeq,Surface,22.42 N 114.11 E,QB2KVTWIN,PAIRED,PCR,METAGENOMIC,indoor metagenome,ILLUMINA,2017-12-31T00:00:00Z,2017-02-10T20:07:00Z,1,QB2KVTWIN,QB2KVTWIN,SRP099248
SRR5246658,AMPLICON,491,13354251,PRJNA373951,SAMN06318923,Metagenome or environmental,8854587,CITY UNIVERSITY OF HONG KONG,2014,public,"run.zq,sra,fastq","s3,gs,ncbi","ncbi.public,gs.US,s3.us-east-1",SRX2553098,Hong Kong,Asia,Hong Kong,Illumina MiSeq,Surface,22.42 N 114.11 E,QB2FDSWIN,PAIRED,PCR,METAGENOMIC,indoor metagenome,ILLUMINA,2017-12-31T00:00:00Z,2017-02-10T20:07:00Z,1,QB2FDSWIN,QB2FDSWIN,SRP099248
SRR5246659,AMPLICON,479,12214984,PRJNA373951,SAMN06318922,Metagenome or environmental,8737644,CITY UNIVERSITY OF HONG KONG,2014,public,"sra,run.zq,fastq","gs,ncbi,s3","gs.US,ncbi.public,s3.us-east-1",SRX2553099,Hong Kong,Asia,Hong Kong,Illumina MiSeq,Surface,22.42 N 114.11 E,QB2BLKWIN,PAIRED,PCR,METAGENOMIC,indoor metagenome,ILLUMINA,2017-02-13T00:00:00Z,2017-02-10T20:07:00Z,1,QB2BLKWIN,QB2BLKWIN,SRP099248
SRR5246660,AMPLICON,486,22431450,PRJNA373951,SAMN06318921,Metagenome or environmental,14352803,CITY UNIVERSITY OF HONG KONG,2014,public,"fastq,sra,run.zq","s3,ncbi,gs","ncbi.public,s3.us-east-1,gs.US",SRX2553100,Hong Kong,Asia,Hong Kong,Illumina MiSeq,Surface,22.42 N 114.11 E,QB2BHBWIN,PAIRED,PCR,METAGENOMIC,indoor metagenome,ILLUMINA,2017-12-31T00:00:00Z,2017-02-10T20:07:00Z,1,QB2BHBWIN,QB2BHBWIN,SRP099248
SRR5246661,AMPLICON,389,24191482,PRJNA373951,SAMN06318920,Metagenome or environmental,15994299,CITY UNIVERSITY OF HONG KONG,2014,public,"run.zq,sra,fastq","s3,ncbi,gs","s3.us-east-1,ncbi.public,gs.US",SRX2553101,Hong Kong,Asia,Hong Kong,Illumina MiSeq,air,22.42 N 114.11 E,QB1TLWIN,PAIRED,PCR,METAGENOMIC,indoor metagenome,ILLUMINA,2017-12-31T00:00:00Z,2017-02-10T20:06:00Z,1,QB1TLWIN,QB1TLWIN,SRP099248
SRR5246662,AMPLICON,307,11792099,PRJNA373951,SAMN06318919,Metagenome or environmental,8011310,CITY UNIVERSITY OF HONG KONG,2014,public,"run.zq,sra,fastq","ncbi,s3,gs","ncbi.public,s3.us-east-1,gs.US",SRX2553102,Hong Kong,Asia,Hong Kong,Illumina MiSeq,air,22.42 N 114.11 E,QB1LRWIN,PAIRED,PCR,METAGENOMIC,indoor metagenome,ILLUMINA,2017-12-31T00:00:00Z,2017-02-10T20:06:00Z,1,QB1LRWIN,QB1LRWIN,SRP099248
SRR5246663,AMPLICON,434,29008667,PRJNA373951,SAMN06318918,Metagenome or environmental,18620099,CITY UNIVERSITY OF HONG KONG,2014,public,"sra,run.zq,fastq","gs,s3,ncbi","ncbi.public,s3.us-east-1,gs.US",SRX2553103,Hong Kong,Asia,Hong Kong,Illumina MiSeq,air,22.42 N 114.11 E,QB1KCWIN,PAIRED,PCR,METAGENOMIC,indoor metagenome,ILLUMINA,2017-12-31T00:00:00Z,2017-02-10T20:07:00Z,1,QB1KCWIN,QB1KCWIN,SRP099248
SRR5246664,AMPLICON,388,21963209,PRJNA373951,SAMN06318917,Metagenome or environmental,14881184,CITY UNIVERSITY OF HONG KONG,2014,public,"sra,fastq,run.zq","s3,ncbi,gs","ncbi.public,gs.US,s3.us-east-1",SRX2553104,Hong Kong,Asia,Hong Kong,Illumina MiSeq,air,22.42 N 114.11 E,QB1BRWIN,PAIRED,PCR,METAGENOMIC,indoor metagenome,ILLUMINA,2017-12-31T00:00:00Z,2017-02-10T20:07:00Z,1,QB1BRWIN,QB1BRWIN,SRP099248
SRR5246665,AMPLICON,466,15035879,PRJNA373951,SAMN06318916,Metagenome or environmental,9692871,CITY UNIVERSITY OF HONG KONG,2014,public,"sra,run.zq,fastq","gs,ncbi,s3","ncbi.public,gs.US,s3.us-east-1",SRX2553105,Hong Kong,Asia,Hong Kong,Illumina MiSeq,Surface,22.42 N 114.11 E,MOS2TFBWIN,PAIRED,PCR,METAGENOMIC,indoor metagenome,ILLUMINA,2017-12-31T00:00:00Z,2017-02-10T20:07:00Z,1,MOS2TFBWIN,MOS2TFBWIN,SRP099248
SRR5246666,AMPLICON,436,11935752,PRJNA373951,SAMN06318915,Metagenome or environmental,7666874,CITY UNIVERSITY OF HONG KONG,2014,public,"fastq,run.zq,sra","s3,ncbi,gs","gs.US,ncbi.public,s3.us-east-1",SRX2553106,Hong Kong,Asia,Hong Kong,Illumina MiSeq,Surface,22.42 N 114.11 E,MOS2SWCWIN,PAIRED,PCR,METAGENOMIC,indoor metagenome,ILLUMINA,2017-12-31T00:00:00Z,2017-02-10T20:07:00Z,1,MOS2SWCWIN,MOS2SWCWIN,SRP099248
SRR5246667,AMPLICON,493,27061964,PRJNA373951,SAMN06318914,Metagenome or environmental,17185442,CITY UNIVERSITY OF HONG KONG,2014,public,"fastq,sra,run.zq","gs,ncbi,s3","ncbi.public,gs.US,s3.us-east-1",SRX2553107,Hong Kong,Asia,Hong Kong,Illumina MiSeq,Surface,22.42 N 114.11 E,MOS2SCRWIN,PAIRED,PCR,METAGENOMIC,indoor metagenome,ILLUMINA,2017-02-13T00:00:00Z,2017-02-10T20:07:00Z,1,MOS2SCRWIN,MOS2SCRWIN,SRP099248
SRR5246668,AMPLICON,489,20228856,PRJNA373951,SAMN06318913,Metagenome or environmental,13162441,CITY UNIVERSITY OF HONG KONG,2014,public,"sra,run.zq,fastq","gs,s3,ncbi","s3.us-east-1,ncbi.public,gs.US",SRX2553108,Hong Kong,Asia,Hong Kong,Illumina MiSeq,Surface,22.42 N 114.11 E,MOS2RMCWIN,PAIRED,PCR,METAGENOMIC,indoor metagenome,ILLUMINA,2017-12-31T00:00:00Z,2017-02-10T20:07:00Z,1,MOS2RMCWIN,MOS2RMCWIN,SRP099248
SRR5246669,AMPLICON,464,23047310,PRJNA373951,SAMN06318912,Metagenome or environmental,14475638,CITY UNIVERSITY OF HONG KONG,2014,public,"run.zq,fastq,sra","s3,ncbi,gs","s3.us-east-1,gs.US,ncbi.public",SRX2553109,Hong Kong,Asia,Hong Kong,Illumina MiSeq,Surface,22.42 N 114.11 E,MOS2KVTWIN,PAIRED,PCR,METAGENOMIC,indoor metagenome,ILLUMINA,2017-12-31T00:00:00Z,2017-02-10T20:07:00Z,1,MOS2KVTWIN,MOS2KVTWIN,SRP099248
SRR5246670,AMPLICON,461,11341424,PRJNA373951,SAMN06318911,Metagenome or environmental,7411891,CITY UNIVERSITY OF HONG KONG,2014,public,"sra,fastq,run.zq","s3,gs,ncbi","s3.us-east-1,ncbi.public,gs.US",SRX2553110,Hong Kong,Asia,Hong Kong,Illumina MiSeq,Surface,22.42 N 114.11 E,MOS2FDSWIN,PAIRED,PCR,METAGENOMIC,indoor metagenome,ILLUMINA,2017-12-31T00:00:00Z,2017-02-10T20:07:00Z,1,MOS2FDSWIN,MOS2FDSWIN,SRP099248
SRR5246671,AMPLICON,458,16040122,PRJNA373951,SAMN06318910,Metagenome or environmental,10359184,CITY UNIVERSITY OF HONG KONG,2014,public,"sra,run.zq,fastq","s3,gs,ncbi","s3.us-east-1,gs.US,ncbi.public",SRX2553111,Hong Kong,Asia,Hong Kong,Illumina MiSeq,Surface,22.42 N 114.11 E,MOS2BLKWIN,PAIRED,PCR,METAGENOMIC,indoor metagenome,ILLUMINA,2017-02-13T00:00:00Z,2017-02-10T20:07:00Z,1,MOS2BLKWIN,MOS2BLKWIN,SRP099248
SRR5246672,AMPLICON,369,8946909,PRJNA373951,SAMN06318909,Metagenome or environmental,6070434,CITY UNIVERSITY OF HONG KONG,2014,public,"run.zq,sra,fastq","ncbi,gs,s3","ncbi.public,gs.US,s3.us-east-1",SRX2553112,Hong Kong,Asia,Hong Kong,Illumina MiSeq,Surface,22.42 N 114.11 E,MOS2BHBWIN,PAIRED,PCR,METAGENOMIC,indoor metagenome,ILLUMINA,2017-12-31T00:00:00Z,2017-02-10T20:06:00Z,1,MOS2BHBWIN,MOS2BHBWIN,SRP099248
SRR5246673,AMPLICON,324,18699734,PRJNA373951,SAMN06318908,Metagenome or environmental,12327981,CITY UNIVERSITY OF HONG KONG,2014,public,"sra,fastq,run.zq","gs,s3,ncbi","gs.US,ncbi.public,s3.us-east-1",SRX2553113,Hong Kong,Asia,Hong Kong,Illumina MiSeq,air,22.42 N 114.11 E,MOS1TLWIN,PAIRED,PCR,METAGENOMIC,indoor metagenome,ILLUMINA,2017-12-31T00:00:00Z,2017-02-10T20:07:00Z,1,MOS1TLWIN,MOS1TLWIN,SRP099248
SRR5246675,AMPLICON,389,25372999,PRJNA373951,SAMN06318906,Metagenome or environmental,16736086,CITY UNIVERSITY OF HONG KONG,2014,public,"sra,run.zq,fastq","s3,ncbi,gs","s3.us-east-1,gs.US,ncbi.public",SRX2553115,Hong Kong,Asia,Hong Kong,Illumina MiSeq,air,22.42 N 114.11 E,MOS1KCWIN,PAIRED,PCR,METAGENOMIC,indoor metagenome,ILLUMINA,2017-12-31T00:00:00Z,2017-02-10T20:07:00Z,1,MOS1KCWIN,MOS1KCWIN,SRP099248
SRR5246678,AMPLICON,432,11519642,PRJNA373951,SAMN06318903,Metagenome or environmental,7230684,CITY UNIVERSITY OF HONG KONG,2014,public,"sra,fastq,run.zq","s3,gs,ncbi","s3.us-east-1,gs.US,ncbi.public",SRX2553118,Hong Kong,Asia,Hong Kong,Illumina MiSeq,Surface,22.42 N 114.11 E,KT2SWCWIN,PAIRED,PCR,METAGENOMIC,indoor metagenome,ILLUMINA,2017-12-31T00:00:00Z,2017-02-10T20:07:00Z,1,KT2SWCWIN,KT2SWCWIN,SRP099248
SRR5246679,AMPLICON,473,11011445,PRJNA373951,SAMN06318902,Metagenome or environmental,7331228,CITY UNIVERSITY OF HONG KONG,2014,public,"run.zq,sra,fastq","s3,ncbi,gs","ncbi.public,s3.us-east-1,gs.US",SRX2553119,Hong Kong,Asia,Hong Kong,Illumina MiSeq,Surface,22.42 N 114.11 E,KT2SCRWIN,PAIRED,PCR,METAGENOMIC,indoor metagenome,ILLUMINA,2017-12-31T00:00:00Z,2017-02-10T20:07:00Z,1,KT2SCRWIN,KT2SCRWIN,SRP099248
SRR5246680,AMPLICON,401,6973603,PRJNA373951,SAMN06318901,Metagenome or environmental,4525723,CITY UNIVERSITY OF HONG KONG,2014,public,"run.zq,fastq","gs,s3,ncbi","ncbi.public,gs.US,s3.us-east-1",SRX2553120,Hong Kong,Asia,Hong Kong,Illumina MiSeq,Surface,22.42 N 114.11 E,KT2RMCWIN,PAIRED,PCR,METAGENOMIC,indoor metagenome,ILLUMINA,2017-12-31T00:00:00Z,2017-02-10T20:07:00Z,1,KT2RMCWIN,KT2RMCWIN,SRP099248
SRR5246681,AMPLICON,283,4199919,PRJNA373951,SAMN06318900,Metagenome or environmental,2729779,CITY UNIVERSITY OF HONG KONG,2014,public,"run.zq,sra,fastq","gs,s3,ncbi","ncbi.public,s3.us-east-1,gs.US",SRX2553121,Hong Kong,Asia,Hong Kong,Illumina MiSeq,Surface,22.42 N 114.11 E,KT2KVTWIN,PAIRED,PCR,METAGENOMIC,indoor metagenome,ILLUMINA,2017-12-31T00:00:00Z,2017-02-10T20:07:00Z,1,KT2KVTWIN,KT2KVTWIN,SRP099248
SRR5246683,AMPLICON,467,14002839,PRJNA373951,SAMN06318898,Metagenome or environmental,9043508,CITY UNIVERSITY OF HONG KONG,2014,public,"run.zq,fastq,sra","gs,s3,ncbi","s3.us-east-1,ncbi.public,gs.US",SRX2553123,Hong Kong,Asia,Hong Kong,Illumina MiSeq,Surface,22.42 N 114.11 E,KT2BLKWIN,PAIRED,PCR,METAGENOMIC,indoor metagenome,ILLUMINA,2017-12-31T00:00:00Z,2017-02-10T20:07:00Z,1,KT2BLKWIN,KT2BLKWIN,SRP099248
SRR5246684,AMPLICON,409,7294554,PRJNA373951,SAMN06318897,Metagenome or environmental,4630560,CITY UNIVERSITY OF HONG KONG,2014,public,"sra,fastq,run.zq","ncbi,gs,s3","ncbi.public,gs.US,s3.us-east-1",SRX2553124,Hong Kong,Asia,Hong Kong,Illumina MiSeq,Surface,22.42 N 114.11 E,KT2BHBWIN,PAIRED,PCR,METAGENOMIC,indoor metagenome,ILLUMINA,2017-12-31T00:00:00Z,2017-02-10T20:07:00Z,1,KT2BHBWIN,KT2BHBWIN,SRP099248
SRR5246685,AMPLICON,296,14375862,PRJNA373951,SAMN06318896,Metagenome or environmental,9373963,CITY UNIVERSITY OF HONG KONG,2014,public,"sra,run.zq,fastq","s3,ncbi,gs","s3.us-east-1,gs.US,ncbi.public",SRX2553125,Hong Kong,Asia,Hong Kong,Illumina MiSeq,air,22.42 N 114.11 E,KT1TLWIN,PAIRED,PCR,METAGENOMIC,indoor metagenome,ILLUMINA,2017-02-13T00:00:00Z,2017-02-10T20:07:00Z,1,KT1TLWIN,KT1TLWIN,SRP099248
SRR5246686,AMPLICON,262,13307541,PRJNA373951,SAMN06318895,Metagenome or environmental,8681218,CITY UNIVERSITY OF HONG KONG,2014,public,"sra,fastq,run.zq","ncbi,gs,s3","s3.us-east-1,gs.US,ncbi.public",SRX2553126,Hong Kong,Asia,Hong Kong,Illumina MiSeq,air,22.42 N 114.11 E,KT1LRWIN,PAIRED,PCR,METAGENOMIC,indoor metagenome,ILLUMINA,2017-12-31T00:00:00Z,2017-02-10T20:07:00Z,1,KT1LRWIN,KT1LRWIN,SRP099248
SRR5246687,AMPLICON,363,17152189,PRJNA373951,SAMN06318894,Metagenome or environmental,10915095,CITY UNIVERSITY OF HONG KONG,2014,public,"run.zq,fastq,sra","gs,ncbi,s3","ncbi.public,s3.us-east-1,gs.US",SRX2553127,Hong Kong,Asia,Hong Kong,Illumina MiSeq,air,22.42 N 114.11 E,KT1KCWIN,PAIRED,PCR,METAGENOMIC,indoor metagenome,ILLUMINA,2017-02-13T00:00:00Z,2017-02-10T20:07:00Z,1,KT1KCWIN,KT1KCWIN,SRP099248
SRR5246688,AMPLICON,256,10450350,PRJNA373951,SAMN06318893,Metagenome or environmental,6902300,CITY UNIVERSITY OF HONG KONG,2014,public,"fastq,run.zq,sra","ncbi,s3,gs","gs.US,ncbi.public,s3.us-east-1",SRX2553128,Hong Kong,Asia,Hong Kong,Illumina MiSeq,air,22.42 N 114.11 E,KT1BRWIN,PAIRED,PCR,METAGENOMIC,indoor metagenome,ILLUMINA,2017-12-31T00:00:00Z,2017-02-10T20:07:00Z,1,KT1BRWIN,KT1BRWIN,SRP099248
SRR5246689,AMPLICON,208,5331311,PRJNA373951,SAMN06318892,Metagenome or environmental,3421624,CITY UNIVERSITY OF HONG KONG,2014,public,"fastq,sra,run.zq","s3,ncbi,gs","gs.US,ncbi.public,s3.us-east-1",SRX2553129,Hong Kong,Asia,Hong Kong,Illumina MiSeq,Surface,22.42 N 114.11 E,HHb2TFBWIN,PAIRED,PCR,METAGENOMIC,indoor metagenome,ILLUMINA,2017-12-31T00:00:00Z,2017-02-10T20:07:00Z,1,HHb2TFBWIN,HHb2TFBWIN,SRP099248
SRR5246690,AMPLICON,215,6493605,PRJNA373951,SAMN06318891,Metagenome or environmental,4127882,CITY UNIVERSITY OF HONG KONG,2014,public,"sra,fastq,run.zq","ncbi,gs,s3","ncbi.public,gs.US,s3.us-east-1",SRX2553130,Hong Kong,Asia,Hong Kong,Illumina MiSeq,Surface,22.42 N 114.11 E,HHb2SWCWIN,PAIRED,PCR,METAGENOMIC,indoor metagenome,ILLUMINA,2017-12-31T00:00:00Z,2017-02-10T20:07:00Z,1,HHb2SWCWIN,HHb2SWCWIN,SRP099248
SRR5246691,AMPLICON,165,3798143,PRJNA373951,SAMN06318890,Metagenome or environmental,2506449,CITY UNIVERSITY OF HONG KONG,2014,public,"sra,run.zq,fastq","ncbi,gs,s3","gs.US,ncbi.public,s3.us-east-1",SRX2553131,Hong Kong,Asia,Hong Kong,Illumina MiSeq,Surface,22.42 N 114.11 E,HHb2SCRWIN,PAIRED,PCR,METAGENOMIC,indoor metagenome,ILLUMINA,2017-02-13T00:00:00Z,2017-02-10T20:07:00Z,1,HHb2SCRWIN,HHb2SCRWIN,SRP099248
SRR5246692,AMPLICON,289,14088932,PRJNA373951,SAMN06318889,Metagenome or environmental,8827089,CITY UNIVERSITY OF HONG KONG,2014,public,"run.zq,sra,fastq","s3,gs,ncbi","s3.us-east-1,gs.US,ncbi.public",SRX2553132,Hong Kong,Asia,Hong Kong,Illumina MiSeq,Surface,22.42 N 114.11 E,HHb2RMCWIN,PAIRED,PCR,METAGENOMIC,indoor metagenome,ILLUMINA,2017-12-31T00:00:00Z,2017-02-10T20:07:00Z,1,HHb2RMCWIN,HHb2RMCWIN,SRP099248
SRR5246693,AMPLICON,215,7154665,PRJNA373951,SAMN06318888,Metagenome or environmental,4572658,CITY UNIVERSITY OF HONG KONG,2014,public,"sra,run.zq,fastq","s3,ncbi,gs","ncbi.public,s3.us-east-1,gs.US",SRX2553133,Hong Kong,Asia,Hong Kong,Illumina MiSeq,Surface,22.42 N 114.11 E,HHb2KVTWIN,PAIRED,PCR,METAGENOMIC,indoor metagenome,ILLUMINA,2017-12-31T00:00:00Z,2017-02-10T20:07:00Z,1,HHb2KVTWIN,HHb2KVTWIN,SRP099248
SRR5246694,AMPLICON,350,9739798,PRJNA373951,SAMN06318887,Metagenome or environmental,6287528,CITY UNIVERSITY OF HONG KONG,2014,public,"fastq,sra,run.zq","gs,s3,ncbi","gs.US,ncbi.public,s3.us-east-1",SRX2553134,Hong Kong,Asia,Hong Kong,Illumina MiSeq,Surface,22.42 N 114.11 E,HHb2FDSWIN,PAIRED,PCR,METAGENOMIC,indoor metagenome,ILLUMINA,2017-12-31T00:00:00Z,2017-02-10T20:07:00Z,1,HHb2FDSWIN,HHb2FDSWIN,SRP099248
SRR5246695,AMPLICON,169,4547912,PRJNA373951,SAMN06318886,Metagenome or environmental,2955627,CITY UNIVERSITY OF HONG KONG,2014,public,"run.zq,fastq,sra","ncbi,gs,s3","s3.us-east-1,ncbi.public,gs.US",SRX2553135,Hong Kong,Asia,Hong Kong,Illumina MiSeq,Surface,22.42 N 114.11 E,HHb2BLKWIN,PAIRED,PCR,METAGENOMIC,indoor metagenome,ILLUMINA,2017-12-31T00:00:00Z,2017-02-10T20:07:00Z,1,HHb2BLKWIN,HHb2BLKWIN,SRP099248
SRR5246696,AMPLICON,248,9733541,PRJNA373951,SAMN06318885,Metagenome or environmental,6249955,CITY UNIVERSITY OF HONG KONG,2014,public,"sra,run.zq,fastq","ncbi,s3,gs","s3.us-east-1,gs.US,ncbi.public",SRX2553136,Hong Kong,Asia,Hong Kong,Illumina MiSeq,Surface,22.42 N 114.11 E,HHb2BHBWIN,PAIRED,PCR,METAGENOMIC,indoor metagenome,ILLUMINA,2017-12-31T00:00:00Z,2017-02-10T20:07:00Z,1,HHb2BHBWIN,HHb2BHBWIN,SRP099248
SRR5246697,AMPLICON,361,14468576,PRJNA373951,SAMN06318884,Metagenome or environmental,9470611,CITY UNIVERSITY OF HONG KONG,2014,public,"fastq,sra,run.zq","ncbi,gs,s3","ncbi.public,gs.US,s3.us-east-1",SRX2553137,Hong Kong,Asia,Hong Kong,Illumina MiSeq,air,22.42 N 114.11 E,HHb1TLWIN,PAIRED,PCR,METAGENOMIC,indoor metagenome,ILLUMINA,2017-12-31T00:00:00Z,2017-02-10T20:07:00Z,1,HHb1TLWIN,HHb1TLWIN,SRP099248
SRR5246698,AMPLICON,255,6712483,PRJNA373951,SAMN06318883,Metagenome or environmental,4396713,CITY UNIVERSITY OF HONG KONG,2014,public,"fastq,run.zq,sra","ncbi,s3,gs","ncbi.public,s3.us-east-1,gs.US",SRX2553138,Hong Kong,Asia,Hong Kong,Illumina MiSeq,air,22.42 N 114.11 E,HHb1LRWIN,PAIRED,PCR,METAGENOMIC,indoor metagenome,ILLUMINA,2017-12-31T00:00:00Z,2017-02-10T20:07:00Z,1,HHb1LRWIN,HHb1LRWIN,SRP099248
SRR5246699,AMPLICON,323,11497761,PRJNA373951,SAMN06318882,Metagenome or environmental,7493246,CITY UNIVERSITY OF HONG KONG,2014,public,"fastq,run.zq,sra","gs,ncbi,s3","ncbi.public,s3.us-east-1,gs.US",SRX2553139,Hong Kong,Asia,Hong Kong,Illumina MiSeq,air,22.42 N 114.11 E,HHb1KCWIN,PAIRED,PCR,METAGENOMIC,indoor metagenome,ILLUMINA,2017-12-31T00:00:00Z,2017-02-10T20:07:00Z,1,HHb1KCWIN,HHb1KCWIN,SRP099248
SRR5246700,AMPLICON,244,9389081,PRJNA373951,SAMN06318881,Metagenome or environmental,6062506,CITY UNIVERSITY OF HONG KONG,2014,public,"fastq,sra,run.zq","s3,gs,ncbi","ncbi.public,s3.us-east-1,gs.US",SRX2553140,Hong Kong,Asia,Hong Kong,Illumina MiSeq,air,22.42 N 114.11 E,HHb1BRWIN,PAIRED,PCR,METAGENOMIC,indoor metagenome,ILLUMINA,2017-12-31T00:00:00Z,2017-02-10T20:07:00Z,1,HHb1BRWIN,HHb1BRWIN,SRP099248
SRR5246701,AMPLICON,291,7036300,PRJNA373951,SAMN06318880,Metagenome or environmental,4661659,CITY UNIVERSITY OF HONG KONG,2014,public,"sra,fastq,run.zq","ncbi,s3,gs","gs.US,s3.us-east-1,ncbi.public",SRX2553141,Hong Kong,Asia,Hong Kong,Illumina MiSeq,Surface,22.42 N 114.11 E,HHa2TFBWIN,PAIRED,PCR,METAGENOMIC,indoor metagenome,ILLUMINA,2017-12-31T00:00:00Z,2017-02-10T20:07:00Z,1,HHa2TFBWIN,HHa2TFBWIN,SRP099248
SRR5246702,AMPLICON,473,15472103,PRJNA373951,SAMN06318879,Metagenome or environmental,10288708,CITY UNIVERSITY OF HONG KONG,2014,public,"fastq,sra,run.zq","s3,ncbi,gs","ncbi.public,gs.US,s3.us-east-1",SRX2553142,Hong Kong,Asia,Hong Kong,Illumina MiSeq,Surface,22.42 N 114.11 E,HHa2SWCWIN,PAIRED,PCR,METAGENOMIC,indoor metagenome,ILLUMINA,2017-12-31T00:00:00Z,2017-02-10T20:07:00Z,1,HHa2SWCWIN,HHa2SWCWIN,SRP099248
SRR5246703,AMPLICON,213,1583749,PRJNA373951,SAMN06318878,Metagenome or environmental,1127475,CITY UNIVERSITY OF HONG KONG,2014,public,"sra,run.zq,fastq","ncbi,s3,gs","gs.US,s3.us-east-1,ncbi.public",SRX2553143,Hong Kong,Asia,Hong Kong,Illumina MiSeq,Surface,22.42 N 114.11 E,HHa2SCRWIN,PAIRED,PCR,METAGENOMIC,indoor metagenome,ILLUMINA,2017-12-31T00:00:00Z,2017-02-10T20:07:00Z,1,HHa2SCRWIN,HHa2SCRWIN,SRP099248
SRR5246704,AMPLICON,182,3133165,PRJNA373951,SAMN06318877,Metagenome or environmental,2127517,CITY UNIVERSITY OF HONG KONG,2014,public,"sra,fastq,run.zq","gs,s3,ncbi","ncbi.public,gs.US,s3.us-east-1",SRX2553144,Hong Kong,Asia,Hong Kong,Illumina MiSeq,Surface,22.42 N 114.11 E,HHa2RMCWIN,PAIRED,PCR,METAGENOMIC,indoor metagenome,ILLUMINA,2017-12-31T00:00:00Z,2017-02-10T20:07:00Z,1,HHa2RMCWIN,HHa2RMCWIN,SRP099248
SRR5246705,AMPLICON,217,3475538,PRJNA373951,SAMN06318876,Metagenome or environmental,2333410,CITY UNIVERSITY OF HONG KONG,2014,public,"sra,fastq,run.zq","gs,s3,ncbi","s3.us-east-1,ncbi.public,gs.US",SRX2553145,Hong Kong,Asia,Hong Kong,Illumina MiSeq,Surface,22.42 N 114.11 E,HHa2KVTWIN,PAIRED,PCR,METAGENOMIC,indoor metagenome,ILLUMINA,2017-02-13T00:00:00Z,2017-02-10T20:07:00Z,1,HHa2KVTWIN,HHa2KVTWIN,SRP099248
SRR5246706,AMPLICON,490,10833666,PRJNA373951,SAMN06318875,Metagenome or environmental,7705962,CITY UNIVERSITY OF HONG KONG,2014,public,"run.zq,fastq,sra","ncbi,s3,gs","gs.US,s3.us-east-1,ncbi.public",SRX2553146,Hong Kong,Asia,Hong Kong,Illumina MiSeq,Surface,22.42 N 114.11 E,HHa2FDSWIN,PAIRED,PCR,METAGENOMIC,indoor metagenome,ILLUMINA,2017-12-31T00:00:00Z,2017-02-10T20:07:00Z,1,HHa2FDSWIN,HHa2FDSWIN,SRP099248
SRR5246707,AMPLICON,388,4168733,PRJNA373951,SAMN06318874,Metagenome or environmental,3002324,CITY UNIVERSITY OF HONG KONG,2014,public,"run.zq,sra,fastq","s3,gs,ncbi","s3.us-east-1,gs.US,ncbi.public",SRX2553147,Hong Kong,Asia,Hong Kong,Illumina MiSeq,Surface,22.42 N 114.11 E,HHa2BLKWIN,PAIRED,PCR,METAGENOMIC,indoor metagenome,ILLUMINA,2017-12-31T00:00:00Z,2017-02-10T20:07:00Z,1,HHa2BLKWIN,HHa2BLKWIN,SRP099248
SRR5246708,AMPLICON,354,9487515,PRJNA373951,SAMN06318873,Metagenome or environmental,6256045,CITY UNIVERSITY OF HONG KONG,2014,public,"fastq,run.zq,sra","ncbi,s3,gs","ncbi.public,gs.US,s3.us-east-1",SRX2553148,Hong Kong,Asia,Hong Kong,Illumina MiSeq,Surface,22.42 N 114.11 E,HHa2BHBWIN,PAIRED,PCR,METAGENOMIC,indoor metagenome,ILLUMINA,2017-12-31T00:00:00Z,2017-02-10T20:07:00Z,1,HHa2BHBWIN,HHa2BHBWIN,SRP099248
SRR5246709,AMPLICON,347,7978877,PRJNA373951,SAMN06318872,Metagenome or environmental,5436241,CITY UNIVERSITY OF HONG KONG,2014,public,"run.zq,fastq,sra","s3,gs,ncbi","ncbi.public,gs.US,s3.us-east-1",SRX2553149,Hong Kong,Asia,Hong Kong,Illumina MiSeq,air,22.42 N 114.11 E,HHa1TLWIN,PAIRED,PCR,METAGENOMIC,indoor metagenome,ILLUMINA,2017-12-31T00:00:00Z,2017-02-10T20:07:00Z,1,HHa1TLWIN,HHa1TLWIN,SRP099248
SRR5246710,AMPLICON,319,10931783,PRJNA373951,SAMN06318871,Metagenome or environmental,7359638,CITY UNIVERSITY OF HONG KONG,2014,public,"sra,run.zq,fastq","s3,ncbi,gs","ncbi.public,s3.us-east-1,gs.US",SRX2553150,Hong Kong,Asia,Hong Kong,Illumina MiSeq,air,22.42 N 114.11 E,HHa1LRWIN,PAIRED,PCR,METAGENOMIC,indoor metagenome,ILLUMINA,2017-12-31T00:00:00Z,2017-02-10T20:07:00Z,1,HHa1LRWIN,HHa1LRWIN,SRP099248
SRR5246711,AMPLICON,289,5923971,PRJNA373951,SAMN06318870,Metagenome or environmental,4218392,CITY UNIVERSITY OF HONG KONG,2014,public,"run.zq,sra,fastq","s3,ncbi,gs","s3.us-east-1,gs.US,ncbi.public",SRX2553151,Hong Kong,Asia,Hong Kong,Illumina MiSeq,air,22.42 N 114.11 E,HHa1KCWIN,PAIRED,PCR,METAGENOMIC,indoor metagenome,ILLUMINA,2017-12-31T00:00:00Z,2017-02-10T20:07:00Z,1,HHa1KCWIN,HHa1KCWIN,SRP099248
SRR5246712,AMPLICON,304,9947889,PRJNA373951,SAMN06318869,Metagenome or environmental,6690029,CITY UNIVERSITY OF HONG KONG,2014,public,"sra,fastq,run.zq","s3,gs,ncbi","s3.us-east-1,ncbi.public,gs.US",SRX2553152,Hong Kong,Asia,Hong Kong,Illumina MiSeq,air,22.42 N 114.11 E,HHa1BRWIN,PAIRED,PCR,METAGENOMIC,indoor metagenome,ILLUMINA,2017-12-31T00:00:00Z,2017-02-10T20:07:00Z,1,HHa1BRWIN,HHa1BRWIN,SRP099248
SRR5246713,AMPLICON,350,6409362,PRJNA373951,SAMN06318868,Metagenome or environmental,4313641,CITY UNIVERSITY OF HONG KONG,2014,public,"sra,fastq,run.zq","gs,ncbi,s3","ncbi.public,s3.us-east-1,gs.US",SRX2553153,Hong Kong,Asia,Hong Kong,Illumina MiSeq,Surface,22.42 N 114.11 E,HFC2TFBWIN,PAIRED,PCR,METAGENOMIC,indoor metagenome,ILLUMINA,2017-12-31T00:00:00Z,2017-02-10T20:07:00Z,1,HFC2TFBWIN,HFC2TFBWIN,SRP099248
SRR5246714,AMPLICON,432,8282993,PRJNA373951,SAMN06318867,Metagenome or environmental,5585542,CITY UNIVERSITY OF HONG KONG,2014,public,"fastq,run.zq,sra","s3,ncbi,gs","ncbi.public,s3.us-east-1,gs.US",SRX2553154,Hong Kong,Asia,Hong Kong,Illumina MiSeq,Surface,22.42 N 114.11 E,HFC2SWCWIN,PAIRED,PCR,METAGENOMIC,indoor metagenome,ILLUMINA,2017-12-31T00:00:00Z,2017-02-10T20:07:00Z,1,HFC2SWCWIN,HFC2SWCWIN,SRP099248
SRR5246715,AMPLICON,405,5451938,PRJNA373951,SAMN06318866,Metagenome or environmental,3654234,CITY UNIVERSITY OF HONG KONG,2014,public,"sra,fastq,run.zq","s3,ncbi,gs","s3.us-east-1,gs.US,ncbi.public",SRX2553155,Hong Kong,Asia,Hong Kong,Illumina MiSeq,Surface,22.42 N 114.11 E,HFC2SCRWIN,PAIRED,PCR,METAGENOMIC,indoor metagenome,ILLUMINA,2017-12-31T00:00:00Z,2017-02-10T20:07:00Z,1,HFC2SCRWIN,HFC2SCRWIN,SRP099248
SRR5246716,AMPLICON,421,6536612,PRJNA373951,SAMN06318865,Metagenome or environmental,4374320,CITY UNIVERSITY OF HONG KONG,2014,public,"run.zq,sra,fastq","gs,ncbi,s3","s3.us-east-1,gs.US,ncbi.public",SRX2553156,Hong Kong,Asia,Hong Kong,Illumina MiSeq,Surface,22.42 N 114.11 E,HFC2RMCWIN,PAIRED,PCR,METAGENOMIC,indoor metagenome,ILLUMINA,2017-12-31T00:00:00Z,2017-02-10T20:07:00Z,1,HFC2RMCWIN,HFC2RMCWIN,SRP099248
SRR5246717,AMPLICON,434,8581806,PRJNA373951,SAMN06318864,Metagenome or environmental,5913853,CITY UNIVERSITY OF HONG KONG,2014,public,"fastq,sra,run.zq","ncbi,gs,s3","ncbi.public,gs.US,s3.us-east-1",SRX2553157,Hong Kong,Asia,Hong Kong,Illumina MiSeq,Surface,22.42 N 114.11 E,HFC2KVTWIN,PAIRED,PCR,METAGENOMIC,indoor metagenome,ILLUMINA,2017-12-31T00:00:00Z,2017-02-10T20:07:00Z,1,HFC2KVTWIN,HFC2KVTWIN,SRP099248
SRR5246718,AMPLICON,463,8448008,PRJNA373951,SAMN06318863,Metagenome or environmental,5617924,CITY UNIVERSITY OF HONG KONG,2014,public,"fastq,run.zq,sra","gs,ncbi,s3","s3.us-east-1,gs.US,ncbi.public",SRX2553158,Hong Kong,Asia,Hong Kong,Illumina MiSeq,Surface,22.42 N 114.11 E,HFC2FDSWIN,PAIRED,PCR,METAGENOMIC,indoor metagenome,ILLUMINA,2017-12-31T00:00:00Z,2017-02-10T20:07:00Z,1,HFC2FDSWIN,HFC2FDSWIN,SRP099248
SRR5246719,AMPLICON,267,3437403,PRJNA373951,SAMN06318862,Metagenome or environmental,2356999,CITY UNIVERSITY OF HONG KONG,2014,public,"sra,fastq,run.zq","gs,s3,ncbi","s3.us-east-1,ncbi.public,gs.US",SRX2553159,Hong Kong,Asia,Hong Kong,Illumina MiSeq,Surface,22.42 N 114.11 E,HFC2BLKWIN,PAIRED,PCR,METAGENOMIC,indoor metagenome,ILLUMINA,2017-12-31T00:00:00Z,2017-02-10T20:07:00Z,1,HFC2BLKWIN,HFC2BLKWIN,SRP099248
SRR5246720,AMPLICON,195,1685688,PRJNA373951,SAMN06318861,Metagenome or environmental,1175036,CITY UNIVERSITY OF HONG KONG,2014,public,"sra,run.zq,fastq","s3,gs,ncbi","ncbi.public,gs.US,s3.us-east-1",SRX2553160,Hong Kong,Asia,Hong Kong,Illumina MiSeq,Surface,22.42 N 114.11 E,HFC2BHBWIN,PAIRED,PCR,METAGENOMIC,indoor metagenome,ILLUMINA,2017-12-31T00:00:00Z,2017-02-10T20:07:00Z,1,HFC2BHBWIN,HFC2BHBWIN,SRP099248
SRR5246721,AMPLICON,206,5296815,PRJNA373951,SAMN06318860,Metagenome or environmental,3523084,CITY UNIVERSITY OF HONG KONG,2014,public,"run.zq,fastq,sra","ncbi,s3,gs","ncbi.public,gs.US,s3.us-east-1",SRX2553161,Hong Kong,Asia,Hong Kong,Illumina MiSeq,air,22.42 N 114.11 E,HFC1TLWIN,PAIRED,PCR,METAGENOMIC,indoor metagenome,ILLUMINA,2017-12-31T00:00:00Z,2017-02-10T20:07:00Z,1,HFC1TLWIN,HFC1TLWIN,SRP099248
SRR5246722,AMPLICON,234,6268387,PRJNA373951,SAMN06318859,Metagenome or environmental,4087815,CITY UNIVERSITY OF HONG KONG,2014,public,"sra,fastq,run.zq","gs,s3,ncbi","ncbi.public,gs.US,s3.us-east-1",SRX2553162,Hong Kong,Asia,Hong Kong,Illumina MiSeq,air,22.42 N 114.11 E,HFC1LRWIN,PAIRED,PCR,METAGENOMIC,indoor metagenome,ILLUMINA,2017-12-31T00:00:00Z,2017-02-10T20:07:00Z,1,HFC1LRWIN,HFC1LRWIN,SRP099248
SRR5246723,AMPLICON,453,23709618,PRJNA373951,SAMN06318858,Metagenome or environmental,15155150,CITY UNIVERSITY OF HONG KONG,2014,public,"sra,run.zq,fastq","s3,gs,ncbi","s3.us-east-1,gs.US,ncbi.public",SRX2553163,Hong Kong,Asia,Hong Kong,Illumina MiSeq,air,22.42 N 114.11 E,HFC1KCWIN,PAIRED,PCR,METAGENOMIC,indoor metagenome,ILLUMINA,2017-12-31T00:00:00Z,2017-02-10T20:07:00Z,1,HFC1KCWIN,HFC1KCWIN,SRP099248
SRR5246724,AMPLICON,300,9756536,PRJNA373951,SAMN06318857,Metagenome or environmental,6353932,CITY UNIVERSITY OF HONG KONG,2014,public,"run.zq,fastq,sra","ncbi,s3,gs","s3.us-east-1,ncbi.public,gs.US",SRX2553164,Hong Kong,Asia,Hong Kong,Illumina MiSeq,air,22.42 N 114.11 E,HFC1BRWIN,PAIRED,PCR,METAGENOMIC,indoor metagenome,ILLUMINA,2017-12-31T00:00:00Z,2017-02-10T20:07:00Z,1,HFC1BRWIN,HFC1BRWIN,SRP099248
SRR5246725,AMPLICON,295,5242676,PRJNA373951,SAMN06318856,Metagenome or environmental,3382298,CITY UNIVERSITY OF HONG KONG,2014,public,"fastq,run.zq,sra","s3,ncbi,gs","ncbi.public,s3.us-east-1,gs.US",SRX2553165,Hong Kong,Asia,Hong Kong,Illumina MiSeq,Surface,22.42 N 114.11 E,FT2TFBWIN,PAIRED,PCR,METAGENOMIC,indoor metagenome,ILLUMINA,2017-12-31T00:00:00Z,2017-02-10T20:07:00Z,1,FT2TFBWIN,FT2TFBWIN,SRP099248
SRR5246726,AMPLICON,242,1839542,PRJNA373951,SAMN06318855,Metagenome or environmental,1270962,CITY UNIVERSITY OF HONG KONG,2014,public,"run.zq,sra,fastq","gs,ncbi,s3","ncbi.public,gs.US,s3.us-east-1",SRX2553166,Hong Kong,Asia,Hong Kong,Illumina MiSeq,Surface,22.42 N 114.11 E,FT2SWCWIN,PAIRED,PCR,METAGENOMIC,indoor metagenome,ILLUMINA,2017-12-31T00:00:00Z,2017-02-10T20:07:00Z,1,FT2SWCWIN,FT2SWCWIN,SRP099248
SRR5246727,AMPLICON,482,29745269,PRJNA373951,SAMN06318854,Metagenome or environmental,18436492,CITY UNIVERSITY OF HONG KONG,2014,public,"run.zq,sra,fastq","ncbi,s3,gs","ncbi.public,gs.US,s3.us-east-1",SRX2553167,Hong Kong,Asia,Hong Kong,Illumina MiSeq,Surface,22.42 N 114.11 E,FT2SCRWIN,PAIRED,PCR,METAGENOMIC,indoor metagenome,ILLUMINA,2017-12-31T00:00:00Z,2017-02-10T20:07:00Z,1,FT2SCRWIN,FT2SCRWIN,SRP099248
SRR5246728,AMPLICON,450,17843263,PRJNA373951,SAMN06318853,Metagenome or environmental,11204894,CITY UNIVERSITY OF HONG KONG,2014,public,"sra,run.zq,fastq","s3,gs,ncbi","ncbi.public,s3.us-east-1,gs.US",SRX2553168,Hong Kong,Asia,Hong Kong,Illumina MiSeq,Surface,22.42 N 114.11 E,FT2RMCWIN,PAIRED,PCR,METAGENOMIC,indoor metagenome,ILLUMINA,2017-12-31T00:00:00Z,2017-02-10T20:07:00Z,1,FT2RMCWIN,FT2RMCWIN,SRP099248
SRR5246729,AMPLICON,306,6655711,PRJNA373951,SAMN06318852,Metagenome or environmental,4403729,CITY UNIVERSITY OF HONG KONG,2014,public,"run.zq,sra,fastq","s3,gs,ncbi","ncbi.public,gs.US,s3.us-east-1",SRX2553169,Hong Kong,Asia,Hong Kong,Illumina MiSeq,Surface,22.42 N 114.11 E,FT2KVTWIN,PAIRED,PCR,METAGENOMIC,indoor metagenome,ILLUMINA,2017-12-31T00:00:00Z,2017-02-10T20:07:00Z,1,FT2KVTWIN,FT2KVTWIN,SRP099248
SRR5246730,AMPLICON,469,13694413,PRJNA373951,SAMN06318851,Metagenome or environmental,8474490,CITY UNIVERSITY OF HONG KONG,2014,public,"sra,run.zq,fastq","s3,ncbi,gs","s3.us-east-1,gs.US,ncbi.public",SRX2553170,Hong Kong,Asia,Hong Kong,Illumina MiSeq,Surface,22.42 N 114.11 E,FT2FDSWIN,PAIRED,PCR,METAGENOMIC,indoor metagenome,ILLUMINA,2017-12-31T00:00:00Z,2017-02-10T20:07:00Z,1,FT2FDSWIN,FT2FDSWIN,SRP099248
SRR5246731,AMPLICON,416,17835184,PRJNA373951,SAMN06318850,Metagenome or environmental,11192009,CITY UNIVERSITY OF HONG KONG,2014,public,"fastq,sra,run.zq","gs,s3,ncbi","ncbi.public,s3.us-east-1,gs.US",SRX2553171,Hong Kong,Asia,Hong Kong,Illumina MiSeq,Surface,22.42 N 114.11 E,FT2BLKWIN,PAIRED,PCR,METAGENOMIC,indoor metagenome,ILLUMINA,2017-12-31T00:00:00Z,2017-02-10T20:07:00Z,1,FT2BLKWIN,FT2BLKWIN,SRP099248
SRR5246732,AMPLICON,437,25513609,PRJNA373951,SAMN06318849,Metagenome or environmental,15935964,CITY UNIVERSITY OF HONG KONG,2014,public,"fastq,run.zq,sra","gs,s3,ncbi","s3.us-east-1,gs.US,ncbi.public",SRX2553172,Hong Kong,Asia,Hong Kong,Illumina MiSeq,Surface,22.42 N 114.11 E,FT2BHBWIN,PAIRED,PCR,METAGENOMIC,indoor metagenome,ILLUMINA,2017-12-31T00:00:00Z,2017-02-10T20:07:00Z,1,FT2BHBWIN,FT2BHBWIN,SRP099248
SRR5246733,AMPLICON,411,27803229,PRJNA373951,SAMN06318848,Metagenome or environmental,17613309,CITY UNIVERSITY OF HONG KONG,2014,public,"run.zq,fastq,sra","gs,s3,ncbi","gs.US,ncbi.public,s3.us-east-1",SRX2553173,Hong Kong,Asia,Hong Kong,Illumina MiSeq,air,22.42 N 114.11 E,FT1TLWIN,PAIRED,PCR,METAGENOMIC,indoor metagenome,ILLUMINA,2017-12-31T00:00:00Z,2017-02-10T20:07:00Z,1,FT1TLWIN,FT1TLWIN,SRP099248
SRR5246735,AMPLICON,344,16643629,PRJNA373951,SAMN06318846,Metagenome or environmental,10956754,CITY UNIVERSITY OF HONG KONG,2014,public,"sra,fastq,run.zq","s3,ncbi,gs","ncbi.public,s3.us-east-1,gs.US",SRX2553175,Hong Kong,Asia,Hong Kong,Illumina MiSeq,air,22.42 N 114.11 E,FT1KCWIN,PAIRED,PCR,METAGENOMIC,indoor metagenome,ILLUMINA,2017-12-31T00:00:00Z,2017-02-10T20:07:00Z,1,FT1KCWIN,FT1KCWIN,SRP099248
SRR5246736,AMPLICON,317,21621995,PRJNA373951,SAMN06318845,Metagenome or environmental,13998033,CITY UNIVERSITY OF HONG KONG,2014,public,"fastq,sra,run.zq","ncbi,gs,s3","gs.US,ncbi.public,s3.us-east-1",SRX2553176,Hong Kong,Asia,Hong Kong,Illumina MiSeq,air,22.42 N 114.11 E,FT1BRWIN,PAIRED,PCR,METAGENOMIC,indoor metagenome,ILLUMINA,2017-12-31T00:00:00Z,2017-02-10T20:07:00Z,1,FT1BRWIN,FT1BRWIN,SRP099248
SRR5246738,AMPLICON,442,6456911,PRJNA373951,SAMN06318843,Metagenome or environmental,4207955,CITY UNIVERSITY OF HONG KONG,2014,public,"fastq,sra,run.zq","gs,ncbi,s3","gs.US,ncbi.public,s3.us-east-1",SRX2553178,Hong Kong,Asia,Hong Kong,Illumina MiSeq,Surface,22.42 N 114.11 E,FH2SWCWIN,PAIRED,PCR,METAGENOMIC,indoor metagenome,ILLUMINA,2017-12-31T00:00:00Z,2017-02-10T20:07:00Z,1,FH2SWCWIN,FH2SWCWIN,SRP099248
SRR5246739,AMPLICON,421,8806868,PRJNA373951,SAMN06318842,Metagenome or environmental,5764000,CITY UNIVERSITY OF HONG KONG,2014,public,"sra,fastq,run.zq","gs,ncbi,s3","gs.US,s3.us-east-1,ncbi.public",SRX2553179,Hong Kong,Asia,Hong Kong,Illumina MiSeq,Surface,22.42 N 114.11 E,FH2SCRWIN,PAIRED,PCR,METAGENOMIC,indoor metagenome,ILLUMINA,2017-12-31T00:00:00Z,2017-02-10T20:07:00Z,1,FH2SCRWIN,FH2SCRWIN,SRP099248
SRR5246740,AMPLICON,437,8207305,PRJNA373951,SAMN06318841,Metagenome or environmental,5280974,CITY UNIVERSITY OF HONG KONG,2014,public,"run.zq,sra,fastq","s3,ncbi,gs","s3.us-east-1,gs.US,ncbi.public",SRX2553180,Hong Kong,Asia,Hong Kong,Illumina MiSeq,Surface,22.42 N 114.11 E,FH2RMCWIN,PAIRED,PCR,METAGENOMIC,indoor metagenome,ILLUMINA,2017-12-31T00:00:00Z,2017-02-10T20:07:00Z,1,FH2RMCWIN,FH2RMCWIN,SRP099248
SRR5246741,AMPLICON,190,689230,PRJNA373951,SAMN06318840,Metagenome or environmental,528099,CITY UNIVERSITY OF HONG KONG,2014,public,"fastq,sra,run.zq","gs,ncbi,s3","s3.us-east-1,ncbi.public,gs.US",SRX2553181,Hong Kong,Asia,Hong Kong,Illumina MiSeq,Surface,22.42 N 114.11 E,FH2KVTWIN,PAIRED,PCR,METAGENOMIC,indoor metagenome,ILLUMINA,2017-12-31T00:00:00Z,2017-02-10T20:07:00Z,1,FH2KVTWIN,FH2KVTWIN,SRP099248
SRR5246742,AMPLICON,442,16065454,PRJNA373951,SAMN06318839,Metagenome or environmental,10259538,CITY UNIVERSITY OF HONG KONG,2014,public,"fastq,run.zq,sra","gs,s3,ncbi","gs.US,s3.us-east-1,ncbi.public",SRX2553182,Hong Kong,Asia,Hong Kong,Illumina MiSeq,Surface,22.42 N 114.11 E,FH2FDSWIN,PAIRED,PCR,METAGENOMIC,indoor metagenome,ILLUMINA,2017-12-31T00:00:00Z,2017-02-10T20:07:00Z,1,FH2FDSWIN,FH2FDSWIN,SRP099248
SRR5246743,AMPLICON,491,22327645,PRJNA373951,SAMN06318838,Metagenome or environmental,14704895,CITY UNIVERSITY OF HONG KONG,2014,public,"run.zq,fastq,sra","ncbi,s3,gs","s3.us-east-1,gs.US,ncbi.public",SRX2553183,Hong Kong,Asia,Hong Kong,Illumina MiSeq,Surface,22.42 N 114.11 E,FH2BLKWIN,PAIRED,PCR,METAGENOMIC,indoor metagenome,ILLUMINA,2017-12-31T00:00:00Z,2017-02-10T20:07:00Z,1,FH2BLKWIN,FH2BLKWIN,SRP099248
SRR5246745,AMPLICON,252,7111936,PRJNA373951,SAMN06318836,Metagenome or environmental,4796015,CITY UNIVERSITY OF HONG KONG,2014,public,"sra,fastq,run.zq","s3,gs,ncbi","ncbi.public,s3.us-east-1,gs.US",SRX2553185,Hong Kong,Asia,Hong Kong,Illumina MiSeq,air,22.42 N 114.11 E,FH1TLWIN,PAIRED,PCR,METAGENOMIC,indoor metagenome,ILLUMINA,2017-12-31T00:00:00Z,2017-02-10T20:07:00Z,1,FH1TLWIN,FH1TLWIN,SRP099248
SRR5246746,AMPLICON,269,9378605,PRJNA373951,SAMN06318835,Metagenome or environmental,6073240,CITY UNIVERSITY OF HONG KONG,2014,public,"run.zq,sra,fastq","s3,ncbi,gs","s3.us-east-1,gs.US,ncbi.public",SRX2553186,Hong Kong,Asia,Hong Kong,Illumina MiSeq,air,22.42 N 114.11 E,FH1LRWIN,PAIRED,PCR,METAGENOMIC,indoor metagenome,ILLUMINA,2017-12-31T00:00:00Z,2017-02-10T20:07:00Z,1,FH1LRWIN,FH1LRWIN,SRP099248
SRR5246747,AMPLICON,306,11096997,PRJNA373951,SAMN06318834,Metagenome or environmental,7209615,CITY UNIVERSITY OF HONG KONG,2014,public,"run.zq,sra,fastq","s3,ncbi,gs","gs.US,s3.us-east-1,ncbi.public",SRX2553187,Hong Kong,Asia,Hong Kong,Illumina MiSeq,air,22.42 N 114.11 E,FH1KCWIN,PAIRED,PCR,METAGENOMIC,indoor metagenome,ILLUMINA,2017-12-31T00:00:00Z,2017-02-10T20:07:00Z,1,FH1KCWIN,FH1KCWIN,SRP099248
SRR5246748,AMPLICON,217,4652651,PRJNA373951,SAMN06318833,Metagenome or environmental,3113669,CITY UNIVERSITY OF HONG KONG,2014,public,"sra,fastq,run.zq","s3,gs,ncbi","s3.us-east-1,ncbi.public,gs.US",SRX2553188,Hong Kong,Asia,Hong Kong,Illumina MiSeq,air,22.42 N 114.11 E,FH1BRWIN,PAIRED,PCR,METAGENOMIC,indoor metagenome,ILLUMINA,2017-12-31T00:00:00Z,2017-02-10T20:07:00Z,1,FH1BRWIN,FH1BRWIN,SRP099248
SRR5246749,AMPLICON,475,20996885,PRJNA373951,SAMN06318832,Metagenome or environmental,12876709,CITY UNIVERSITY OF HONG KONG,2014,public,"run.zq,fastq,sra","s3,gs,ncbi","ncbi.public,s3.us-east-1,gs.US",SRX2553189,Hong Kong,Asia,Hong Kong,Illumina MiSeq,Surface,22.42 N 114.11 E,ADMb2TFBWIN,PAIRED,PCR,METAGENOMIC,indoor metagenome,ILLUMINA,2017-12-31T00:00:00Z,2017-02-10T20:07:00Z,1,ADMb2TFBWIN,ADMb2TFBWIN,SRP099248
SRR5246751,AMPLICON,462,12850472,PRJNA373951,SAMN06318830,Metagenome or environmental,8126476,CITY UNIVERSITY OF HONG KONG,2014,public,"run.zq,sra,fastq","gs,s3,ncbi","gs.US,ncbi.public,s3.us-east-1",SRX2553191,Hong Kong,Asia,Hong Kong,Illumina MiSeq,Surface,22.42 N 114.11 E,ADMb2SCRWIN,PAIRED,PCR,METAGENOMIC,indoor metagenome,ILLUMINA,2017-12-31T00:00:00Z,2017-02-10T20:07:00Z,1,ADMb2SCRWIN,ADMb2SCRWIN,SRP099248
SRR5246752,AMPLICON,480,14867297,PRJNA373951,SAMN06318829,Metagenome or environmental,9099353,CITY UNIVERSITY OF HONG KONG,2014,public,"sra,run.zq,fastq","s3,ncbi,gs","ncbi.public,gs.US,s3.us-east-1",SRX2553192,Hong Kong,Asia,Hong Kong,Illumina MiSeq,Surface,22.42 N 114.11 E,ADMb2RMCWIN,PAIRED,PCR,METAGENOMIC,indoor metagenome,ILLUMINA,2017-12-31T00:00:00Z,2017-02-10T20:07:00Z,1,ADMb2RMCWIN,ADMb2RMCWIN,SRP099248
SRR5246754,AMPLICON,473,9058992,PRJNA373951,SAMN06318827,Metagenome or environmental,5558203,CITY UNIVERSITY OF HONG KONG,2014,public,"run.zq,fastq,sra","ncbi,gs,s3","s3.us-east-1,gs.US,ncbi.public",SRX2553194,Hong Kong,Asia,Hong Kong,Illumina MiSeq,Surface,22.42 N 114.11 E,ADMb2FDSWIN,PAIRED,PCR,METAGENOMIC,indoor metagenome,ILLUMINA,2017-12-31T00:00:00Z,2017-02-10T20:07:00Z,1,ADMb2FDSWIN,ADMb2FDSWIN,SRP099248
SRR5246755,AMPLICON,471,13504609,PRJNA373951,SAMN06318826,Metagenome or environmental,8591786,CITY UNIVERSITY OF HONG KONG,2014,public,"run.zq,sra,fastq","ncbi,s3,gs","gs.US,s3.us-east-1,ncbi.public",SRX2553195,Hong Kong,Asia,Hong Kong,Illumina MiSeq,Surface,22.42 N 114.11 E,ADMb2BLKWIN,PAIRED,PCR,METAGENOMIC,indoor metagenome,ILLUMINA,2017-12-31T00:00:00Z,2017-02-10T20:07:00Z,1,ADMb2BLKWIN,ADMb2BLKWIN,SRP099248
SRR5246756,AMPLICON,470,18074785,PRJNA373951,SAMN06318825,Metagenome or environmental,11489986,CITY UNIVERSITY OF HONG KONG,2014,public,"fastq,sra,run.zq","gs,s3,ncbi","ncbi.public,s3.us-east-1,gs.US",SRX2553196,Hong Kong,Asia,Hong Kong,Illumina MiSeq,Surface,22.42 N 114.11 E,ADMb2BHBWIN,PAIRED,PCR,METAGENOMIC,indoor metagenome,ILLUMINA,2017-12-31T00:00:00Z,2017-02-10T20:07:00Z,1,ADMb2BHBWIN,ADMb2BHBWIN,SRP099248
SRR5246757,AMPLICON,418,38102845,PRJNA373951,SAMN06318824,Metagenome or environmental,25492251,CITY UNIVERSITY OF HONG KONG,2014,public,"fastq,sra,run.zq","ncbi,s3,gs","s3.us-east-1,ncbi.public,gs.US",SRX2553197,Hong Kong,Asia,Hong Kong,Illumina MiSeq,air,22.42 N 114.11 E,ADMb1TLWIN,PAIRED,PCR,METAGENOMIC,indoor metagenome,ILLUMINA,2017-12-31T00:00:00Z,2017-02-10T20:07:00Z,1,ADMb1TLWIN,ADMb1TLWIN,SRP099248
SRR5246758,AMPLICON,299,14408363,PRJNA373951,SAMN06318823,Metagenome or environmental,9416821,CITY UNIVERSITY OF HONG KONG,2014,public,"fastq,run.zq,sra","s3,ncbi,gs","s3.us-east-1,gs.US,ncbi.public",SRX2553198,Hong Kong,Asia,Hong Kong,Illumina MiSeq,air,22.42 N 114.11 E,ADMb1LRWIN,PAIRED,PCR,METAGENOMIC,indoor metagenome,ILLUMINA,2017-12-31T00:00:00Z,2017-02-10T20:07:00Z,1,ADMb1LRWIN,ADMb1LRWIN,SRP099248
SRR5246759,AMPLICON,257,14134618,PRJNA373951,SAMN06318822,Metagenome or environmental,9404092,CITY UNIVERSITY OF HONG KONG,2014,public,"run.zq,fastq,sra","ncbi,s3,gs","s3.us-east-1,ncbi.public,gs.US",SRX2553199,Hong Kong,Asia,Hong Kong,Illumina MiSeq,air,22.42 N 114.11 E,ADMb1KCWIN,PAIRED,PCR,METAGENOMIC,indoor metagenome,ILLUMINA,2017-12-31T00:00:00Z,2017-02-10T20:07:00Z,1,ADMb1KCWIN,ADMb1KCWIN,SRP099248
SRR5246760,AMPLICON,245,14919340,PRJNA373951,SAMN06318821,Metagenome or environmental,9712977,CITY UNIVERSITY OF HONG KONG,2014,public,"fastq,sra,run.zq","gs,s3,ncbi","gs.US,s3.us-east-1,ncbi.public",SRX2553200,Hong Kong,Asia,Hong Kong,Illumina MiSeq,air,22.42 N 114.11 E,ADMb1BRWIN,PAIRED,PCR,METAGENOMIC,indoor metagenome,ILLUMINA,2017-02-13T00:00:00Z,2017-02-10T20:07:00Z,1,ADMb1BRWIN,ADMb1BRWIN,SRP099248
SRR5246761,AMPLICON,488,40340460,PRJNA373951,SAMN06318820,Metagenome or environmental,25184333,CITY UNIVERSITY OF HONG KONG,2014,public,"sra,run.zq,fastq","gs,ncbi,s3","gs.US,s3.us-east-1,ncbi.public",SRX2553201,Hong Kong,Asia,Hong Kong,Illumina MiSeq,Surface,22.42 N 114.11 E,ADMa2TFBWIN,PAIRED,PCR,METAGENOMIC,indoor metagenome,ILLUMINA,2017-12-31T00:00:00Z,2017-02-10T20:07:00Z,1,ADMa2TFBWIN,ADMa2TFBWIN,SRP099248
SRR5246762,AMPLICON,397,11194767,PRJNA373951,SAMN06318819,Metagenome or environmental,7088185,CITY UNIVERSITY OF HONG KONG,2014,public,"sra,run.zq,fastq","ncbi,s3,gs","ncbi.public,s3.us-east-1,gs.US",SRX2553202,Hong Kong,Asia,Hong Kong,Illumina MiSeq,Surface,22.42 N 114.11 E,ADMa2SWCWIN,PAIRED,PCR,METAGENOMIC,indoor metagenome,ILLUMINA,2017-02-13T00:00:00Z,2017-02-10T20:07:00Z,1,ADMa2SWCWIN,ADMa2SWCWIN,SRP099248
SRR5246767,AMPLICON,262,7398621,PRJNA373951,SAMN06318814,Metagenome or environmental,4803269,CITY UNIVERSITY OF HONG KONG,2014,public,"fastq,sra,run.zq","gs,ncbi,s3","ncbi.public,gs.US,s3.us-east-1",SRX2553207,Hong Kong,Asia,Hong Kong,Illumina MiSeq,Surface,22.42 N 114.11 E,ADMa2BLKWIN,PAIRED,PCR,METAGENOMIC,indoor metagenome,ILLUMINA,2017-12-31T00:00:00Z,2017-02-10T20:07:00Z,1,ADMa2BLKWIN,ADMa2BLKWIN,SRP099248
SRR5246768,AMPLICON,439,14914103,PRJNA373951,SAMN06318813,Metagenome or environmental,9502360,CITY UNIVERSITY OF HONG KONG,2014,public,"fastq,run.zq","ncbi,gs,s3","ncbi.public,gs.US,s3.us-east-1",SRX2553208,Hong Kong,Asia,Hong Kong,Illumina MiSeq,Surface,22.42 N 114.11 E,ADMa2BHBWIN,PAIRED,PCR,METAGENOMIC,indoor metagenome,ILLUMINA,2017-12-31T00:00:00Z,2017-02-10T20:08:00Z,1,ADMa2BHBWIN,ADMa2BHBWIN,SRP099248
SRR5246674,AMPLICON,304,13427674,PRJNA373951,SAMN06318907,Metagenome or environmental,8916222,CITY UNIVERSITY OF HONG KONG,2014,public,"sra,fastq,run.zq","gs,ncbi,s3","ncbi.public,gs.US,s3.us-east-1",SRX2553114,Hong Kong,Asia,Hong Kong,Illumina MiSeq,air,22.42 N 114.11 E,MOS1LRWIN,PAIRED,PCR,METAGENOMIC,indoor metagenome,ILLUMINA,2017-12-31T00:00:00Z,2017-02-10T20:07:00Z,1,MOS1LRWIN,MOS1LRWIN,SRP099248
SRR5246753,AMPLICON,459,8334598,PRJNA373951,SAMN06318828,Metagenome or environmental,5161956,CITY UNIVERSITY OF HONG KONG,2014,public,"fastq,sra,run.zq","gs,s3,ncbi","s3.us-east-1,ncbi.public,gs.US",SRX2553193,Hong Kong,Asia,Hong Kong,Illumina MiSeq,Surface,22.42 N 114.11 E,ADMb2KVTWIN,PAIRED,PCR,METAGENOMIC,indoor metagenome,ILLUMINA,2017-12-31T00:00:00Z,2017-02-10T20:07:00Z,1,ADMb2KVTWIN,ADMb2KVTWIN,SRP099248
SRR5246652,AMPLICON,427,17612088,PRJNA373951,SAMN06318929,Metagenome or environmental,11043596,CITY UNIVERSITY OF HONG KONG,2014,public,"run.zq,fastq,sra","s3,gs,ncbi","ncbi.public,gs.US,s3.us-east-1",SRX2553092,Hong Kong,Asia,Hong Kong,Illumina MiSeq,air,22.42 N 114.11 E,STW1BRWIN,PAIRED,PCR,METAGENOMIC,indoor metagenome,ILLUMINA,2017-12-31T00:00:00Z,2017-02-10T20:06:00Z,1,STW1BRWIN,STW1BRWIN,SRP099248
SRR5246633,AMPLICON,500,26614989,PRJNA373951,SAMN06318948,Metagenome or environmental,17104057,CITY UNIVERSITY OF HONG KONG,2014,public,"fastq,run.zq,sra","gs,ncbi,s3","gs.US,ncbi.public,s3.us-east-1",SRX2553073,Hong Kong,Asia,Hong Kong,Illumina MiSeq,Surface,22.42 N 114.11 E,SW2KVTWIN,PAIRED,PCR,METAGENOMIC,indoor metagenome,ILLUMINA,2017-12-31T00:00:00Z,2017-02-10T20:06:00Z,1,SW2KVTWIN,SW2KVTWIN,SRP099248
SRR5246737,AMPLICON,469,34441474,PRJNA373951,SAMN06318844,Metagenome or environmental,21920364,CITY UNIVERSITY OF HONG KONG,2014,public,"fastq,run.zq,sra","gs,ncbi,s3","gs.US,ncbi.public,s3.us-east-1",SRX2553177,Hong Kong,Asia,Hong Kong,Illumina MiSeq,Surface,22.42 N 114.11 E,FH2TFBWIN,PAIRED,PCR,METAGENOMIC,indoor metagenome,ILLUMINA,2017-02-13T00:00:00Z,2017-02-10T20:07:00Z,1,FH2TFBWIN,FH2TFBWIN,SRP099248
